"AreaCode","AreaName","Year","FBS.mult","EDemand_p","EDemand_lb","EDemand_ub"
"1","Armenia","2007",0.88904143754252,662.57819832737,572.505510065151,752.048712152699
"1","Armenia","2008",0.910565442600799,624.986551487786,537.639316117005,713.87533490752
"1","Armenia","2009",0.939118942854724,678.458926274355,586.90717340714,766.981822960238
"1","Armenia","2010",0.906664060247225,683.549893390794,594.334193563675,769.414811730524
"1","Armenia","2011",0.925947109758767,645.247723839636,558.369158915618,729.900512194154
"1","Armenia","2012",0.891492073309859,678.544149810643,586.334467041184,768.199744341243
"10","Australia","2007",0.758554296790467,5678.14382539943,2645.0759890883,12365.9714438995
"10","Australia","2008",0.802605942119704,5772.83428711666,2593.97487862002,12813.2638740379
"10","Australia","2009",0.795296818860153,5679.3716498303,2609.0139233005,12270.8419838859
"10","Australia","2010",0.780070433312389,5538.6058361271,2434.61113494939,12310.6177023552
"10","Australia","2011",0.715698128632615,5274.46244152,2390.03113903683,11374.7287457483
"10","Australia","2012",0.698663332110634,5255.08370765273,2422.5057185677,11214.4416357833
"100","India","2007",0.429112541705079,98.7644753569058,73.0798265534006,156.976896878552
"100","India","2008",0.466022664601858,108.984680107332,81.1955033493951,172.883623730978
"100","India","2009",0.426314593361943,99.4746394974813,74.0304495505085,158.547961845864
"100","India","2010",0.412713492693533,95.9081619360063,71.3477096380975,153.465246543558
"100","India","2011",0.435149791740086,99.3552720728657,73.9319212448742,159.322514152146
"100","India","2012",0.45547046048295,106.218099962813,79.2656224828261,170.915622106457
"101","Indonesia","2007",0.216315855587313,185.579671296953,149.19446882711,228.444890244893
"101","Indonesia","2008",0.24658741471145,199.426786982073,160.221565705729,246.045920658916
"101","Indonesia","2009",0.275238203232675,243.909577954048,195.730627856566,299.724300977371
"101","Indonesia","2010",0.306014832073748,283.065027392,227.440159284597,347.27427666231
"101","Indonesia","2011",0.329407083382055,342.094830977743,274.549338491295,417.844752538655
"101","Indonesia","2012",0.318345640179204,359.630433961235,288.757446707504,436.786515394226
"102","Iran.(Islamic.Republic.of)","2007",0.825830400571184,1623.0718541833,1426.94139615835,1783.80991344689
"102","Iran.(Islamic.Republic.of)","2008",0.8182873117356,1722.13252722766,1510.21538660919,1893.94498528
"102","Iran.(Islamic.Republic.of)","2009",0.821901022618948,2078.26707987432,1824.85671059075,2282.51514689317
"102","Iran.(Islamic.Republic.of)","2010",0.798971060987777,2007.70477887632,1759.78877098313,2207.23571532277
"102","Iran.(Islamic.Republic.of)","2011",0.747724859400531,1884.54766686187,1652.0422135735,2070.88117513432
"102","Iran.(Islamic.Republic.of)","2012",0.841113470195503,2166.54716963947,1898.29746510635,2380.00413443119
"103","Iraq","2007",0.954965070633755,285.682084184919,241.882861325654,323.775004941259
"103","Iraq","2008",0.934293535790643,199.324990197363,163.912374393268,239.298232832498
"103","Iraq","2009",0.815618710555816,173.980744383171,135.996117802328,232.827426856373
"103","Iraq","2010",0.909018238955082,232.030282768748,182.925432929723,304.359861486188
"103","Iraq","2011",0.947500496162066,284.391640613713,226.398151042962,366.062374809888
"103","Iraq","2012",0.88738929326386,264.443660557888,209.957596517828,342.257495269172
"104","Ireland","2007",0.313479819466162,3314.95012214086,1833.28977957324,6082.85752356383
"104","Ireland","2008",0.353876182248243,3637.17051040263,1965.14255729694,6777.47057560547
"104","Ireland","2009",0.286461569367302,2848.0684969287,1571.95306223948,5243.73872872414
"104","Ireland","2010",0.22002387155462,2076.25049930824,1221.34954815824,3649.41804448348
"104","Ireland","2011",0.254336075846406,2458.49945976862,1438.60971540977,4335.08410851744
"104","Ireland","2012",0.233276797450988,2286.00351309445,1311.3023604437,4097.20892911956
"105","Israel","2007",0.755367851743106,2861.98919802485,2109.87866694843,3544.28491054576
"105","Israel","2008",0.844043785802499,3083.4159480091,2236.43718141089,3833.3282772833
"105","Israel","2009",0.813142226017326,2901.1740373741,2121.43488492505,3610.7827489462
"105","Israel","2010",0.771967247088492,2815.56840892644,2063.43699225829,3455.28641362211
"105","Israel","2011",0.818704713764403,2872.77481316968,2127.07031374173,3514.39071808039
"105","Israel","2012",0.745953426868397,2550.71585266092,1876.54905167383,3128.39559717852
"106","Italy","2007",0.649614608499666,2763.5052536334,2360.13534247333,3070.0353267154
"106","Italy","2008",0.658332938418737,2837.8783328818,2429.66577311486,3143.51291174892
"106","Italy","2009",0.602620465718175,2568.44702045986,2210.44088262183,2838.27249859789
"106","Italy","2010",0.627984499370173,2626.51770999351,2283.57231283504,2891.91462197616
"106","Italy","2011",0.654219172310148,2816.77069859324,2456.15067313377,3098.37122899641
"106","Italy","2012",0.660262380982573,2849.09058141029,2465.7499568572,3132.5231402808
"107","Côte.d'Ivoire","2007",0.393924213167976,116.385087306932,89.891275676316,145.724194423936
"107","Côte.d'Ivoire","2008",0.561573958426356,162.664446424989,125.50891163777,203.774634502111
"107","Côte.d'Ivoire","2009",0.479471275553173,139.956365343502,107.793293180672,175.188829837972
"107","Côte.d'Ivoire","2010",0.457231481888612,169.338092630932,131.032136715149,209.000471186546
"107","Côte.d'Ivoire","2011",0.427187568631897,150.566915677748,116.226287260024,185.974768471837
"107","Côte.d'Ivoire","2012",0.473947424756206,200.048742646537,154.745747982602,244.960036304677
"108","Kazakhstan","2007",0.877710545682248,964.035363231351,675.589927394592,2305.81930135094
"108","Kazakhstan","2008",0.900971649353265,1025.0885018877,718.653406216653,2411.65324171115
"108","Kazakhstan","2009",0.895307038176688,1066.98779960018,757.644700596041,2434.98785556011
"108","Kazakhstan","2010",0.872017007192597,1101.79097194676,789.072680811705,2445.47194839022
"108","Kazakhstan","2011",0.893206114543785,1069.25500053081,782.979651247506,2272.37891019641
"108","Kazakhstan","2012",0.848348015202273,962.579979142205,694.466932916624,2159.75939351462
"109","Jamaica","2007",0.36045491015761,582.098354340059,527.510479169291,629.762023334106
"109","Jamaica","2008",0.365850712024768,602.763411523121,543.869245360911,654.872038432702
"109","Jamaica","2009",0.438671990687618,710.654815014401,642.105774115392,770.585322585042
"109","Jamaica","2010",0.392244553630737,555.655003999039,501.093419055857,604.067096503765
"109","Jamaica","2011",0.366936592714262,501.513729436388,451.882632621823,545.502709761562
"109","Jamaica","2012",0.356588708915528,499.694581841452,450.095643110337,543.530607362614
"11","Austria","2007",0.680370787267092,3474.1841016609,2806.82736925039,4277.723636534
"11","Austria","2008",0.76448148541054,4004.00392857761,3232.18434440076,4932.34442067545
"11","Austria","2009",0.775324089252762,3929.44963257149,3152.02471508727,4866.84255078562
"11","Austria","2010",0.784510981587132,4052.33518044932,3256.16381209255,5011.38304572278
"11","Austria","2011",0.798530707599616,4126.18902299159,3329.41554130532,5086.60714258466
"11","Austria","2012",0.740983649304522,3517.77253140492,2798.61159451999,4391.1449276715
"110","Japan","2007",0.62315579935639,1160.07737800851,866.337161660036,1475.54931346868
"110","Japan","2008",0.61755313696315,1144.51179997046,850.88254642487,1459.18170953328
"110","Japan","2009",0.615091773263673,1143.7852833858,854.282230650869,1453.82037138284
"110","Japan","2010",0.608858973853918,1124.00249987719,847.295946889708,1421.472681242
"110","Japan","2011",0.612768487749922,957.371474156317,689.124035248915,1252.63155260693
"110","Japan","2012",0.601942879342341,949.582097495863,680.158519043711,1248.32704134972
"112","Jordan","2007",0.913751994586988,1056.10361316351,902.166653023256,1194.9891374178
"112","Jordan","2008",0.854759197714299,1012.34343252133,864.401603736039,1146.6852860091
"112","Jordan","2009",0.816517950552921,915.111225029809,782.966694696828,1036.19474260682
"112","Jordan","2010",0.816703380090442,961.867920566555,829.245346891882,1079.75268401295
"112","Jordan","2011",0.811821518697121,956.906336985271,821.774602326972,1077.1637722412
"112","Jordan","2012",0.828126022474378,832.408477449359,710.108886565135,944.020832458531
"113","Kyrgyzstan","2007",0.826008364482034,413.837281969909,276.384222995162,713.014338308968
"113","Kyrgyzstan","2008",0.82951194049187,433.257683780385,287.854580727352,743.420575986138
"113","Kyrgyzstan","2009",0.885703023749255,450.538112491607,297.027714474122,764.901738660412
"113","Kyrgyzstan","2010",0.862962809498209,448.917958633094,294.993471639547,761.021877759809
"113","Kyrgyzstan","2011",0.847915256111832,446.822922769459,295.223755185097,748.932246542941
"113","Kyrgyzstan","2012",0.852259045694991,422.661037761113,275.023835781269,717.246911353537
"114","Kenya","2007",0.795318501501292,345.804547601051,216.826943656686,578.235381937743
"114","Kenya","2008",0.834169965282068,352.120701122828,221.366371382531,590.504060384132
"114","Kenya","2009",0.846656353141616,337.42772361455,214.502184350535,554.962761491782
"114","Kenya","2010",0.861973196195158,341.631183322974,215.337932172857,569.628465705946
"114","Kenya","2011",0.822247383879594,321.766073515788,204.489159711208,534.066911286109
"114","Kenya","2012",0.77297290070799,285.031630764919,180.633587383436,478.152975816554
"115","Cambodia","2007",0.527908132010975,421.14501606276,346.091721559968,510.839018278328
"115","Cambodia","2008",0.515914177964307,400.052885121336,327.933161236771,486.431234460311
"115","Cambodia","2009",0.624332386596757,493.206441549452,404.697548392021,597.547463661535
"115","Cambodia","2010",0.547701733319659,411.161093538586,337.511943790448,498.915256303924
"115","Cambodia","2011",0.606350959765064,448.63018554002,369.917073617508,541.83909883792
"115","Cambodia","2012",0.626710572101396,440.006778910044,364.346324227596,532.363322212299
"116","Democratic.People's.Republic.of.Korea","2007",0.738061240481572,398.916355780625,384.252415634968,423.91260321598
"116","Democratic.People's.Republic.of.Korea","2008",0.577243957626026,297.943279259774,285.9370995815,317.916972797991
"116","Democratic.People's.Republic.of.Korea","2009",0.608654405094709,308.737072187805,295.467334985853,330.303404001204
"116","Democratic.People's.Republic.of.Korea","2010",0.546223804294105,289.702119382809,277.020557063337,309.726714855253
"116","Democratic.People's.Republic.of.Korea","2011",0.553307750374653,299.756658667113,286.22927846448,320.685892219357
"116","Democratic.People's.Republic.of.Korea","2012",0.606543777070931,353.587073040995,337.488518069793,377.845083932285
"117","Republic.of.Korea","2007",0.553234359272317,1142.28130194536,797.078991589575,1478.74216863228
"117","Republic.of.Korea","2008",0.514574129938118,1070.00045493884,727.837454098299,1399.26001342171
"117","Republic.of.Korea","2009",0.574464097979286,1325.46431241492,894.541797574784,1731.01377748698
"117","Republic.of.Korea","2010",0.563152474766003,1317.84717938027,899.40793129235,1693.44675588227
"117","Republic.of.Korea","2011",0.572812483881646,1280.86841247643,853.953002142828,1674.16453819417
"117","Republic.of.Korea","2012",0.549063002787046,1292.93268046213,861.258014545985,1678.13616045126
"118","Kuwait","2007",0.596102898210488,1473.20298064568,1405.38069980551,1539.85691470793
"118","Kuwait","2008",0.626697374105812,1651.72302388509,1561.77593607621,1739.11923779746
"118","Kuwait","2009",0.715037291062264,2108.81411770404,1982.90254686177,2229.31653583488
"118","Kuwait","2010",0.668212693433148,1450.50995076254,1350.95139064627,1545.65615077978
"118","Kuwait","2011",0.668794568161075,1462.70575880482,1356.08947411986,1563.71872743739
"118","Kuwait","2012",0.629125348794012,1349.48601905714,1244.57170565724,1448.19590078373
"119","Latvia","2007",0.592068197710272,1701.43921816681,1479.22350487617,1972.8913997479
"119","Latvia","2008",0.486871990264891,1459.89928889567,1271.75333241179,1689.8694491178
"119","Latvia","2009",0.555844464616351,1640.44928478302,1438.10776620547,1885.98264523421
"119","Latvia","2010",0.475336226775294,1407.7308782362,1231.80214482462,1622.10001475552
"119","Latvia","2011",0.513709226106133,1549.25414268463,1359.99362744998,1778.82085453052
"119","Latvia","2012",0.60578425654042,1756.82055137295,1533.49555306673,2028.51828217179
"120","Lao.People's.Democratic.Republic","2007",0.776583061153844,930.396617060909,759.762416027752,1146.1428320711
"120","Lao.People's.Democratic.Republic","2008",0.857420113176051,1063.68480051399,871.248794829282,1303.01649471064
"120","Lao.People's.Democratic.Republic","2009",0.858755479675566,1117.43233343957,919.472167970703,1358.72297576179
"120","Lao.People's.Democratic.Republic","2010",0.831696114227674,1143.21870419774,942.684807108846,1383.72995797699
"120","Lao.People's.Democratic.Republic","2011",0.814099236029585,1135.87739155448,934.73467598847,1377.69313506534
"120","Lao.People's.Democratic.Republic","2012",0.824664956338823,1207.20603361461,995.011757591858,1455.19216654958
"121","Lebanon","2007",0.805477296241998,2011.46974308208,1541.26655988212,2299.6439320802
"121","Lebanon","2008",0.82386724203214,2176.40853946269,1669.83767392425,2488.92931923205
"121","Lebanon","2009",0.82228657036929,2305.37621697292,1758.4102180745,2631.56526445217
"121","Lebanon","2010",0.811908068408681,2430.92472597059,1843.87210373802,2769.55026465752
"121","Lebanon","2011",0.743101923426495,2603.12750656585,1963.23143570691,2963.52670278844
"121","Lebanon","2012",0.780542609740516,2861.47352448991,2144.58273852238,3251.41289971266
"122","Lesotho","2007",1,387.0458272,310.0181143,476.6128944
"122","Lesotho","2008",0.960208224634397,215.809982633075,166.408907494845,280.470570019853
"122","Lesotho","2009",0.96958791959801,222.052374880799,170.653478410277,288.664417726248
"122","Lesotho","2011",0.999999436337461,211.344597072901,159.963588434467,281.689281322215
"122","Lesotho","2012",0.999914799041787,212.126335292972,159.553495430973,283.632338893826
"123","Liberia","2007",0.37598538470451,119.264808736214,100.119213836152,142.692395380389
"123","Liberia","2008",0.547631759329911,181.345072568656,152.673142000534,215.67853767698
"123","Liberia","2009",0.573921276384777,197.30157530005,166.409688218226,233.54642463452
"123","Liberia","2010",0.332275292031961,119.188554138678,100.578095007129,140.577991228996
"123","Liberia","2011",0.637332946866382,234.961956474867,198.339371221328,276.434365728629
"123","Liberia","2012",0.603143504672783,221.441447660267,186.981988890303,260.42994013865
"124","Libyan.Arab.Jamahiriya","2007",0.806154588912817,1036.2090908944,1010.72385017023,1088.20388042496
"124","Libyan.Arab.Jamahiriya","2008",0.815826077308852,989.708630256405,960.060093517105,1045.2942286335
"124","Libyan.Arab.Jamahiriya","2009",0.937268788012053,1165.10700298295,1126.15787997369,1233.56262962252
"124","Libyan.Arab.Jamahiriya","2010",0.962413092546307,1216.10699692778,1171.1110137001,1289.33607944858
"124","Libyan.Arab.Jamahiriya","2011",0.871775216226847,1124.76823111991,1080.13400434181,1194.12321422128
"124","Libyan.Arab.Jamahiriya","2012",0.85887121734029,1115.49605724921,1068.14787067878,1186.32770076117
"126","Lithuania","2007",0.629650284092994,2603.59427785253,2026.07893842734,3392.56536874995
"126","Lithuania","2008",0.557460228488163,2176.25633722236,1692.57088872462,2838.06976959007
"126","Lithuania","2009",0.662296740188994,2680.85422372795,1992.34322289532,3637.19372003962
"126","Lithuania","2010",0.60655367095974,2486.26420814487,1872.62119853432,3335.12492704899
"126","Lithuania","2011",0.587414467030444,2451.98193791753,1833.4474172667,3309.6941187179
"126","Lithuania","2012",0.593493269988162,2393.24041876958,1740.7874103503,3301.86392497603
"128","China..Macao.SAR","2007",0.0144632123811189,3.76926953723505,2.40565292779445,4.40129384361343
"128","China..Macao.SAR","2008",0.0405936156566186,8.97714416788571,5.73928350584381,10.4725523421106
"128","China..Macao.SAR","2009",0.0317568972244957,6.83523986539043,4.36868197235713,7.97370782831428
"128","China..Macao.SAR","2010",0.00859167153671462,1.80501870488605,1.15386220650368,2.10517896723697
"128","China..Macao.SAR","2011",0.926247113972032,190.651302632071,122.05310338373,222.172297848153
"128","China..Macao.SAR","2012",0.0464769437110364,9.39303160946957,6.02607713458282,10.9337838066965
"129","Madagascar","2007",0.577879240798378,340.090111819165,263.838190303136,420.179393856649
"129","Madagascar","2008",0.591173672135999,345.422200293851,267.891071706186,426.579872481818
"129","Madagascar","2009",0.591879179508033,344.244628249789,268.279424293507,423.638554378284
"129","Madagascar","2010",0.570948691476333,330.629191282111,257.777434360356,406.234495858749
"129","Madagascar","2011",0.599131932394078,343.970992200724,267.773791701233,422.672261496171
"129","Madagascar","2012",0.632011410183231,358.747858756261,279.312969416919,440.253951114209
"13","Bahrain","2007",0.17858486953318,22.8120130062625,12.7012333206493,30.1572528542004
"13","Bahrain","2008",0.30559761446771,41.8558124431378,23.3699012513936,52.8571814051085
"13","Bahrain","2009",0.137824688086714,18.3774453372655,10.3710969467216,23.2485327480011
"13","Bahrain","2010",0.354434615951166,46.2158759217509,25.8694668517461,61.0009711750566
"13","Bahrain","2011",0.418168787647021,53.7494159046536,30.2868872835927,70.6628633820024
"13","Bahrain","2012",0.0286501326263402,3.67045846077193,2.07221476650285,4.81942799163244
"130","Malawi","2007",0.75979014470449,162.286437617327,127.481431217701,194.473630685328
"130","Malawi","2008",0.743254328214384,168.210069384627,131.775238363449,202.7146074483
"130","Malawi","2009",0.757923824402795,181.033567578845,143.013824164394,217.648023057019
"130","Malawi","2010",0.7706264238591,171.987346436168,135.672610084218,207.38634725452
"130","Malawi","2011",0.762135827939215,186.385548327712,147.196623513803,225.066943496227
"130","Malawi","2012",0.678975707548573,172.082752206749,134.677055169804,209.32860906017
"131","Malaysia","2007",0.532538045364047,1734.96572515039,1412.6131308164,1886.25910751499
"131","Malaysia","2008",0.524192448880325,1754.848450976,1426.96904742093,1906.08557064752
"131","Malaysia","2009",0.552221824253692,1832.44008379485,1490.26059607039,1989.27727394621
"131","Malaysia","2010",0.544584559255529,1859.55968136675,1511.51221291872,2016.78154641284
"131","Malaysia","2011",0.58731280083086,2079.50602198321,1684.92626324713,2253.63452625945
"131","Malaysia","2012",0.567768557964102,2017.74857842919,1633.85420319384,2185.38723415041
"133","Mali","2007",0.512105282042228,196.75314287534,145.289813540163,268.208649459746
"133","Mali","2008",0.538244259269177,233.392027342823,174.487570660567,311.20138026254
"133","Mali","2009",0.659292936867092,282.133644166663,210.938268848526,375.595722735526
"133","Mali","2010",0.635852233621243,278.796715929427,209.171001708616,368.680860924303
"133","Mali","2011",0.574793856803016,246.332340028197,184.616859332087,326.059454569265
"133","Mali","2012",0.583269076774124,239.40125267325,178.782880096235,317.816079698516
"134","Malta","2007",0.356083925878582,627.698864168813,151.344202904282,896.491259422244
"134","Malta","2008",0.470567648691895,859.898129501091,222.554402603042,1201.94345966791
"134","Malta","2009",0.375120023296875,618.365993959056,156.250266666262,870.661295542607
"134","Malta","2010",0.409109085516825,655.42849272212,177.115597415572,934.691338262784
"134","Malta","2011",0.281762186657251,365.80887575485,90.4322716198761,543.508043926808
"134","Malta","2012",0.358499591309253,473.20341121851,131.122649159086,697.950028638606
"136","Mauritania","2007",0.774982332950234,262.491478304624,199.363087549425,485.609179711936
"136","Mauritania","2008",0.952582883758263,311.513674936643,232.825794729458,597.557016690888
"136","Mauritania","2009",0.933641504089303,310.279490595992,227.578176725161,596.304216752308
"136","Mauritania","2010",0.955856452347998,315.958201018853,231.19179202244,607.226215127442
"136","Mauritania","2011",0.91128947303158,296.67896378573,217.126898794063,569.280779843979
"136","Mauritania","2012",0.675936469946662,220.394270864396,161.311855094011,419.214196691486
"138","Mexico","2007",0.698514302776932,1874.62553118769,1691.22106836892,2147.34063433389
"138","Mexico","2008",0.683027471639333,1826.26730299168,1647.80138746585,2090.42733684137
"138","Mexico","2009",0.653277513575934,1739.67059023411,1569.13233264901,1990.66822124469
"138","Mexico","2010",0.664971361381636,1774.90517788165,1601.41012396056,2029.61859038545
"138","Mexico","2011",0.645305573188878,1724.25583851144,1557.39914934916,1968.57727757371
"138","Mexico","2012",0.681107812708625,1801.63207400857,1627.03587155048,2059.78169393788
"141","Mongolia","2007",0.863554672162811,1461.02474577353,833.061492012186,6646.08586773999
"141","Mongolia","2008",0.816936827221026,1446.65086385268,815.998235756017,6535.97969279892
"141","Mongolia","2009",0.875131140138443,1565.62067399068,892.256442273961,6686.74125294962
"141","Mongolia","2010",0.861120943248842,1135.65018188979,633.559086751545,5840.62184915147
"141","Mongolia","2011",0.946670079317716,1388.93516273249,776.358187812364,6844.84776020561
"141","Mongolia","2012",0.924344481067415,1576.09517235688,851.083390338527,7540.37836107682
"143","Morocco","2007",0.685813369491632,806.681572425101,699.684326887647,904.348172762613
"143","Morocco","2008",0.735407399222203,964.576456860551,841.79241389175,1074.77321824738
"143","Morocco","2009",0.788483068322371,1077.86983351473,943.744223370241,1196.80563668364
"143","Morocco","2010",0.720144864376914,1031.75810483194,903.303725102493,1145.33318624099
"143","Morocco","2011",0.78216940410741,1163.17029138256,1019.21028396221,1288.35260695981
"143","Morocco","2012",0.709898194389132,1032.08891304173,903.705622048687,1145.01847638451
"144","Mozambique","2007",0.456565251909445,249.055685499409,188.452285702221,339.705306849096
"144","Mozambique","2008",0.487365152171562,188.052475542273,142.18444320811,266.299016322767
"144","Mozambique","2009",0.487157899169524,218.741813968578,167.887091382858,298.361900971109
"144","Mozambique","2010",0.608675254904963,303.711242608432,234.923831242352,408.515568466676
"144","Mozambique","2011",0.595414318855808,283.826452551139,219.683896558378,387.407147997126
"144","Mozambique","2012",0.465792516484922,223.457061722527,172.889902990042,304.862941634693
"146","Republic.of.Moldova","2007",0.966900471519199,2476.3092797549,969.779274571878,3681.58775655995
"146","Republic.of.Moldova","2008",0.853050260292032,1641.19664449943,749.285689751095,2472.70494599535
"146","Republic.of.Moldova","2009",0.929631950679796,1855.90169032799,809.520586861353,2792.84956464041
"146","Republic.of.Moldova","2010",0.845445449776299,2055.52806501467,962.097227193676,2973.13194406031
"146","Republic.of.Moldova","2011",1,3332.018506,1661.227779,4488.729337
"146","Republic.of.Moldova","2012",0.936947830647572,2578.02534220045,1213.99047735426,3576.39199671854
"147","Namibia","2007",0.618242135253747,312.142036352,172.121815792818,746.782000105819
"147","Namibia","2008",0.270284322690413,131.430381121865,74.3227228610911,300.555723024881
"147","Namibia","2009",0.426454398165422,205.890016193014,116.673416525334,469.644642004709
"147","Namibia","2010",0.471437312809645,227.88464934968,131.109255759442,511.181523845998
"147","Namibia","2011",0.56229362066089,273.123684331033,158.36636055679,607.594138204613
"147","Namibia","2012",0.362337467006044,176.601841091081,101.98240445775,389.467051130174
"149","Nepal","2007",0.862168973714868,247.341086624177,195.869109957375,306.989395075261
"149","Nepal","2008",0.845036557686451,247.474370828235,196.729616678302,306.1516941508
"149","Nepal","2009",0.811270366971137,237.369367163698,188.69553271412,293.725733714015
"149","Nepal","2010",0.817140958663204,243.116376168658,193.385511063069,300.444562842098
"149","Nepal","2011",0.806187303959712,295.941376346844,237.066169260483,360.690928735599
"149","Nepal","2012",0.856981616161457,339.941400497575,273.309972106585,412.081404565042
"150","Netherlands","2007",0.508429693126298,4384.37394718385,3346.54971827533,5309.69881798612
"150","Netherlands","2008",0.473720070019846,4127.03829713116,3159.72327087255,4978.90808056206
"150","Netherlands","2009",0.508984510297361,4581.64796066562,3518.65305357798,5508.00045195505
"150","Netherlands","2010",0.49057108842374,4435.86108148984,3421.05503696076,5311.70314602849
"150","Netherlands","2011",0.423994020225214,3823.3768951643,2956.9946894869,4580.7463667524
"150","Netherlands","2012",0.321294316223213,2880.67472184212,2207.08598801723,3462.49468742525
"154","The.former.Yugoslav.Republic.of.Macedonia","2007",0.892268222696625,1831.73333886276,1583.03848302258,2050.65871922143
"154","The.former.Yugoslav.Republic.of.Macedonia","2008",0.898804869374065,1806.40706104859,1557.6221649991,2025.78918622854
"154","The.former.Yugoslav.Republic.of.Macedonia","2009",0.885982929900332,1677.85176135882,1439.64110948157,1886.6950001956
"154","The.former.Yugoslav.Republic.of.Macedonia","2010",0.899612091465015,1676.25075000034,1430.77164464482,1894.95943803486
"154","The.former.Yugoslav.Republic.of.Macedonia","2011",0.906497191799671,1677.24540115952,1432.20865405628,1894.88840504072
"154","The.former.Yugoslav.Republic.of.Macedonia","2012",0.916912955574619,1514.01023720238,1259.01609691653,1748.1010461313
"156","New.Zealand","2007",0.747889718480036,6552.79355150464,4549.49839824472,9472.48459040692
"156","New.Zealand","2008",0.586466399199749,4999.7035670283,3453.90273059195,7261.92944839533
"156","New.Zealand","2009",0.671304305436905,5472.69706258922,3663.81980196815,8139.44624506474
"156","New.Zealand","2010",0.517364754135785,4237.88142732258,2842.05508788367,6294.87381942571
"156","New.Zealand","2011",0.457923190468573,3755.1135783484,2510.54586697133,5595.50749491659
"156","New.Zealand","2012",0.490117263432266,4210.33494156945,2781.09958254019,6338.61900040356
"157","Nicaragua","2007",0.709164525971286,1364.31951919911,1006.71548560253,1861.52546823195
"157","Nicaragua","2008",0.597220846020143,1151.92855597738,856.632998912056,1559.21274144076
"157","Nicaragua","2009",0.642280565625073,1265.49371983809,938.077788765657,1719.34642366072
"157","Nicaragua","2010",0.570298040138592,1133.59006751564,839.826665324256,1540.17774488464
"157","Nicaragua","2011",0.658225084709042,1326.05408611112,986.629638846,1792.60958618018
"157","Nicaragua","2012",0.633747072020177,1284.27264276813,965.788865086281,1718.44279360146
"158","Niger","2007",0.872663104978685,140.960355836344,114.059957208255,184.988560960521
"158","Niger","2008",0.846193966949382,137.655843670749,110.252924686566,181.322932168788
"158","Niger","2009",0.756233185574232,149.761475525966,125.554195573295,186.240543412234
"158","Niger","2010",0.820307138207266,160.988250963105,134.055124166888,200.842793539051
"158","Niger","2011",0.780037114462512,147.579575852336,122.514409632196,184.455933169439
"158","Niger","2012",0.828672139040309,154.171892694619,127.829393586053,192.211135175843
"159","Nigeria","2007",0.708343982463977,240.504312657708,189.039237135791,281.022821894024
"159","Nigeria","2008",0.67827752254732,235.727779178849,185.045543299489,274.971461117701
"159","Nigeria","2009",0.645723010210142,228.880152644339,179.412506515696,266.516832270369
"159","Nigeria","2010",0.638338385288871,231.198951396053,180.973172647454,268.806009643388
"159","Nigeria","2011",0.687195156631016,255.986342462132,198.932516881589,301.123661417397
"159","Nigeria","2012",0.673635091284585,246.658566557755,191.147557731564,290.363714072496
"16","Bangladesh","2007",0.539179726405717,163.82712128455,131.628959531102,240.204308768298
"16","Bangladesh","2008",0.546786619831836,171.602592963572,138.821491547844,248.993043452887
"16","Bangladesh","2009",0.584731062794618,192.447309365396,156.8198346944,275.6307036825
"16","Bangladesh","2010",0.553420947109198,189.521469602653,155.519098891879,268.398592273055
"16","Bangladesh","2011",0.603995222916853,217.833048084993,180.278984872959,304.552204482191
"16","Bangladesh","2012",0.447484220763429,168.436590808875,140.338179115331,232.646100974994
"162","Norway","2007",0.864261357805756,3477.32397055065,2581.44176836436,5131.78771124503
"162","Norway","2008",0.854148375467007,3345.87981175293,2479.10403469599,4952.46431191278
"162","Norway","2009",0.88023834553046,3785.00927915511,2908.32304920468,5413.42068198878
"162","Norway","2010",0.856088955257568,3895.53837541696,3063.91582354833,5442.89987778521
"162","Norway","2011",0.846120390528606,4005.14338835825,3215.9023775096,5477.58891904923
"162","Norway","2012",0.809468251153334,4314.67402083062,3568.50130339552,5704.97623340734
"165","Pakistan","2007",0.485662002176935,244.834456796687,188.611591428031,315.126528910924
"165","Pakistan","2008",0.500672987806452,265.365179307148,203.964123020503,342.879378939639
"165","Pakistan","2009",0.46940447294193,261.449177893873,200.348715919341,339.239664953021
"165","Pakistan","2010",0.490721785989541,287.452326002393,219.807683668029,374.483142619342
"165","Pakistan","2011",0.478734141774276,295.662701960989,225.562826006035,386.725235847637
"165","Pakistan","2012",0.504037526692512,328.02781355292,249.563046598391,430.867068405203
"166","Panama","2007",0.686707967543607,1589.6008909952,1267.88915775957,1996.62206250119
"166","Panama","2008",0.711868218798709,1750.86939178496,1398.33930522415,2198.55308717677
"166","Panama","2009",0.703499161615096,1645.70259491434,1304.01361632422,2087.45313727605
"166","Panama","2010",0.691942350941637,1650.62348995887,1303.40128133366,2103.33186852591
"166","Panama","2011",0.683616470897311,1726.07818011169,1360.58118399591,2205.6131431879
"166","Panama","2012",0.695146810298924,1820.63628302895,1446.34920762323,2306.48488615885
"167","Czech.Republic","2007",0.514161920919833,2031.03651024041,1555.16502503661,2475.14116648569
"167","Czech.Republic","2008",0.542705058073042,1992.38428075015,1507.22093803516,2449.89697116571
"167","Czech.Republic","2009",0.494970510935298,1697.01968867977,1273.94057118592,2097.81895545458
"167","Czech.Republic","2010",0.464785946629055,1551.34460307578,1161.34335991745,1923.94001550227
"167","Czech.Republic","2011",0.43862926575378,1389.94516287006,1021.54434680255,1741.70220153701
"167","Czech.Republic","2012",0.413077510340067,1250.0718947349,907.88603250838,1576.84195501358
"168","Papua.New.Guinea","2007",0.0134597188529179,7.8137441211852,7.34073724487552,8.73617354176693
"168","Papua.New.Guinea","2008",0.0172096476061068,9.85786656439766,9.21377295293786,11.0604550859338
"168","Papua.New.Guinea","2009",0.0246916971778991,14.1294232724538,13.1539334637211,15.8837724532961
"168","Papua.New.Guinea","2010",0.0285248915088719,16.2057587904994,15.0343811769188,18.2477739956081
"168","Papua.New.Guinea","2011",0.0300499617590044,17.1963651981158,15.9121106128432,19.3809755085683
"168","Papua.New.Guinea","2012",0.0239220603575255,13.7645240525718,12.7045440649302,15.5164126812559
"169","Paraguay","2007",0.356829021879881,1344.61505046928,1020.2411824766,1796.12041983214
"169","Paraguay","2008",0.656807529056854,2438.0246176264,1817.78117488208,3312.94624379071
"169","Paraguay","2009",0.659161616245004,2656.78505334877,1972.21055585688,3611.93751798707
"169","Paraguay","2010",0.256122462585275,1082.85222130468,808.681756946376,1464.68037994522
"169","Paraguay","2011",0.259808403729486,1116.40358171865,837.073434081522,1504.47881837415
"169","Paraguay","2012",0.464394850729425,1921.2732074629,1429.56179387628,2605.63830196602
"170","Peru","2007",0.762239853033734,1314.70250912484,1121.78081428337,1548.04360260447
"170","Peru","2008",0.757379073455623,1413.57456044459,1215.90307035997,1648.89353520023
"170","Peru","2009",0.760523530371515,1469.61156909924,1266.34108953014,1709.47383445879
"170","Peru","2010",0.773560076146932,1435.26291739173,1234.26807256576,1675.39999489795
"170","Peru","2011",0.761116357026106,1400.99806602728,1207.66197042844,1632.36625015277
"170","Peru","2012",0.766257555609652,1444.36055634346,1253.82687810302,1667.29906891618
"171","Philippines","2007",0.21904830613809,212.462575201531,188.383088533128,234.752765474576
"171","Philippines","2008",0.237156841215885,228.611939782595,202.596777592548,252.722671042909
"171","Philippines","2009",0.222383371388961,216.51775462799,192.068687826555,238.985120665039
"171","Philippines","2010",0.223403409286166,213.54611430742,189.496089226814,235.663335772483
"171","Philippines","2011",0.232006855339389,212.217711454495,188.29232462068,234.380120744644
"171","Philippines","2012",0.235132478805911,210.003779470469,186.320001947729,231.952695390055
"173","Poland","2007",0.624991387653135,3377.54570385641,2696.96531909159,4039.71816915635
"173","Poland","2008",0.589644418515116,2880.1600429112,2251.0085792197,3487.12043054632
"173","Poland","2009",0.552153556489802,2736.56855736319,2142.82177371413,3312.38616299988
"173","Poland","2010",0.518286279245911,2573.28260757039,2018.51509729967,3115.82568134953
"173","Poland","2011",0.492737004471984,2397.6261175985,1883.79897449911,2900.08730065038
"173","Poland","2012",0.50615046922283,2350.90822828452,1811.50975817469,2874.59213747249
"174","Portugal","2007",0.63949061028795,2553.20677650225,2277.69682616663,2797.77716647241
"174","Portugal","2008",0.62014625208419,2512.37845863962,2237.61395480034,2756.25216109209
"174","Portugal","2009",0.634890000388626,2531.64301086448,2264.97298735707,2768.32672062805
"174","Portugal","2010",0.601700410428934,2413.41468001769,2165.40409240772,2635.22538694412
"174","Portugal","2011",0.512833794664762,2057.60198762933,1841.99226203065,2249.04325395756
"174","Portugal","2012",0.541959937419058,2198.76240551802,1973.54598754463,2398.68966831388
"175","Guinea-Bissau","2007",0.136869657660846,65.9475143211209,60.6592877362048,73.5478344963665
"175","Guinea-Bissau","2008",0.135298933705418,71.628216586094,65.5334719106528,80.2191390094003
"175","Guinea-Bissau","2009",0.121907896744228,70.8895187709341,64.6580259212251,79.503108344019
"175","Guinea-Bissau","2010",0.267463369353653,171.024662253863,155.662959802343,191.898338618861
"175","Guinea-Bissau","2011",0.116087412406904,82.4212194454595,75.0161275170757,92.1741557820719
"175","Guinea-Bissau","2012",0.118013721172401,82.0196451060791,74.3728505224075,91.9476907801453
"178","Eritrea","2007",0.939533183989992,77.066381991774,52.1336205201557,113.827935042446
"178","Eritrea","2008",0.983869627568053,67.7078601791193,44.0615441519139,100.268302319953
"178","Eritrea","2009",0.977082817407346,74.316140884622,47.8487289827518,111.889965234508
"178","Eritrea","2010",0.975884764276163,73.582005972898,47.5385526786191,110.274333303377
"178","Eritrea","2011",0.974574210974629,72.4529307475042,46.8629655250469,108.275288495863
"178","Eritrea","2012",0.971756255378971,71.2230173425303,46.1961175079684,106.027023065369
"179","Qatar","2007",0.404262354755028,310.655884430457,295.956227991267,325.2004866903
"179","Qatar","2008",0.435499865760846,323.788627009691,304.918546429384,342.345937726957
"179","Qatar","2009",0.295915836697613,222.337015420649,207.666697670887,236.636198013718
"179","Qatar","2010",0.372599254855247,268.522004823732,248.747853893641,287.686794338578
"179","Qatar","2011",0.65898920442528,480.70466846102,442.420410954915,517.558841237402
"179","Qatar","2012",0.424188106492359,305.60451343271,279.428068015725,330.691441412077
"18","Bhutan","2007",0.803171092035899,210.866429007221,111.860177293564,505.128720316749
"18","Bhutan","2008",0.721424502159403,165.669993380634,87.2970476720162,420.369193059294
"18","Bhutan","2009",0.782092116715278,175.321726904812,90.6724061663452,461.758819485355
"18","Bhutan","2010",0.742213864711782,170.374729206252,90.0404599934133,435.405021881386
"18","Bhutan","2011",0.819843253672905,188.623215633419,102.851606729157,476.23905613307
"18","Bhutan","2012",0.869245639556192,235.999400125974,140.477578861841,539.841144561111
"181","Zimbabwe","2007",0.531673583897224,331.328571835202,262.816056900289,405.094543935647
"181","Zimbabwe","2008",0.429979105988171,267.151328362431,200.750872209531,336.07036421077
"181","Zimbabwe","2009",0.575153863603079,364.631199452925,281.297597471034,451.727816158818
"181","Zimbabwe","2010",0.52377743189973,333.102011721234,258.997662670781,410.70912014765
"181","Zimbabwe","2011",0.553003918495929,353.517426052251,275.561820291092,434.875773755085
"181","Zimbabwe","2012",0.461694338623989,294.449826127041,230.70795946586,360.979634052004
"183","Romania","2007",0.716388500303719,2643.52895584679,2259.46030332868,2988.75674679278
"183","Romania","2008",0.664072649278952,2418.53551005355,2072.37626339612,2725.34297496999
"183","Romania","2009",0.655328588500692,2365.05844334609,2024.61697889606,2668.60887038016
"183","Romania","2010",0.594195587316906,2015.91329140821,1743.75512663564,2256.9192842584
"183","Romania","2011",0.712018408154367,2264.58954153062,1965.87144401197,2528.06773262302
"183","Romania","2012",0.619197294684987,1956.47999604929,1705.88428863734,2179.31629678716
"184","Rwanda","2007",0.753951222022078,78.7045694528736,45.2914033932011,176.809683202136
"184","Rwanda","2008",0.755680736277223,84.1690067263064,49.0682193223268,188.505934020908
"184","Rwanda","2009",0.763775615614476,108.469854598179,67.2776266913716,224.797981884468
"184","Rwanda","2010",0.821037309466821,122.668581719167,75.4396301019592,263.93422345353
"184","Rwanda","2011",0.867186770135839,131.434047700171,86.6866596628749,246.309675664792
"184","Rwanda","2012",0.909594584993274,158.498066923552,106.679959062861,282.954180568288
"185","Russian.Federation","2007",0.867023145670255,2312.04830055806,1888.38159346716,2741.9223592857
"185","Russian.Federation","2008",0.854230047015206,2332.51652057004,1907.22649378217,2763.29907400575
"185","Russian.Federation","2009",0.862227836763805,2373.4683179315,1941.53858716174,2812.88697944891
"185","Russian.Federation","2010",0.830028647900394,2366.93281529084,1947.79792617201,2795.08275262821
"185","Russian.Federation","2011",0.785641325820385,2264.88209644131,1861.51169410743,2679.34617461388
"185","Russian.Federation","2012",0.813392456460877,2417.98662332196,1996.6041217091,2849.07599271208
"19","Bolivia.(Plurinational.State.of)","2007",0.374424726741161,1405.89013919848,1040.23463088864,1877.54979796901
"19","Bolivia.(Plurinational.State.of)","2008",0.475647537801419,1902.52505884013,1414.68876987226,2515.91773108172
"19","Bolivia.(Plurinational.State.of)","2009",0.428257895394961,1716.4027737719,1293.91201546656,2217.54164405702
"19","Bolivia.(Plurinational.State.of)","2010",0.482418028983232,3063.54162943434,2323.80456730279,3887.01345492491
"19","Bolivia.(Plurinational.State.of)","2011",0.492133516247607,3091.05102882331,2345.80585972188,3921.00024036454
"19","Bolivia.(Plurinational.State.of)","2012",0.495972990005866,3128.22196159088,2381.44060452928,3956.29522104938
"194","Saudi.Arabia","2007",0.922218305261214,1223.78623087084,840.49570438145,1515.90256701334
"194","Saudi.Arabia","2008",0.910188491274745,1199.26701203362,814.467949175916,1491.22745806148
"194","Saudi.Arabia","2009",0.92371504560392,1209.07584615401,813.553822532846,1504.87174565219
"194","Saudi.Arabia","2010",0.906108650687655,1273.66916928466,823.403692691621,1623.75623248307
"194","Saudi.Arabia","2011",0.892939775870442,1420.87753233994,928.486043015162,1773.29043316726
"194","Saudi.Arabia","2012",0.91232015398117,1467.48589558495,951.745714542927,1835.39066442798
"195","Senegal","2007",0.444587484803524,238.745481450313,187.721919091399,290.312676538353
"195","Senegal","2008",0.388865942362746,217.932925276465,173.447631185167,263.48132258528
"195","Senegal","2009",0.339558407562643,184.301272017502,147.39627494661,222.655096324534
"195","Senegal","2010",0.240843591955201,144.888047995836,116.414728178476,174.137202261423
"195","Senegal","2011",0.388649412376396,258.316553774525,205.140445842548,311.92422528175
"195","Senegal","2012",0.35675062775882,232.691310956397,185.69623953248,280.305464980112
"196","Seychelles","2007",0.190235092616159,223.992372578477,146.613376105555,279.563136734733
"196","Seychelles","2008",0.302311665578031,330.890221231019,216.69976096398,411.652178973794
"196","Seychelles","2009",0.248432890994183,215.891049636687,139.742602204969,272.112857804051
"196","Seychelles","2010",0.111767661453927,104.665320536887,69.2279274755932,130.996454937997
"196","Seychelles","2011",0.0368925847864713,38.6373375717314,25.2385891518152,48.525848396994
"196","Seychelles","2012",0.00483987730360131,5.58826800052527,3.68900520755893,6.99704887704649
"197","Sierra.Leone","2007",0.549352379497425,99.531539084742,80.6303407084321,123.116231943337
"197","Sierra.Leone","2008",0.561162166509565,125.799526760311,102.229691533723,153.294402679815
"197","Sierra.Leone","2009",0.595338287821334,170.912931208909,139.828035007814,204.609711799068
"197","Sierra.Leone","2010",0.596221604689858,186.082593820253,152.417387839155,221.737447042921
"197","Sierra.Leone","2011",0.59249248675441,200.714614706089,164.745068373451,237.828555418455
"197","Sierra.Leone","2012",0.584197357698575,206.290783189628,169.586815768394,243.611065620374
"198","Slovenia","2007",0.482227516466641,2546.44563481009,1752.18223772659,3125.22104400972
"198","Slovenia","2008",0.476383777556855,2527.53606459741,1717.76788074138,3094.40900739492
"198","Slovenia","2009",0.480791734743421,2399.49663409731,1593.37894760363,2955.18170122677
"198","Slovenia","2010",0.277587637717565,1393.62857027398,933.185549683008,1720.14035349096
"198","Slovenia","2011",0.676403494850825,3228.44473266718,2114.43282952605,3991.98130278717
"198","Slovenia","2012",0.828711781140879,3779.45410117566,2496.50171566716,4697.80716248812
"199","Slovakia","2007",0.545308940525687,1603.91054326938,1323.9101235662,1864.41908847815
"199","Slovakia","2008",0.608870259398927,1682.72151976296,1386.35193121253,1959.34794095142
"199","Slovakia","2009",0.542361181342411,1297.48416206211,1058.9663981663,1522.30911002231
"199","Slovakia","2010",0.509424590599933,1283.84676458772,1064.24496622415,1492.36470087517
"199","Slovakia","2011",0.574945381960206,1347.10271614259,1113.87394233249,1569.3298393506
"199","Slovakia","2012",0.801479574406099,1776.96520775683,1451.62938673134,2089.12067233535
"2","Afghanistan","2007",0.938812509831106,185.18861847768,124.938692501027,270.077102625614
"2","Afghanistan","2008",0.92404827480555,204.745539640573,137.596739728675,295.612324898001
"2","Afghanistan","2009",0.966132077093569,228.136537308083,158.923150264156,323.594138402235
"2","Afghanistan","2010",0.95618243555584,251.693421982889,176.725487234298,349.741551148748
"2","Afghanistan","2011",0.898765882254987,234.926382841614,163.353956586908,328.248043422736
"2","Afghanistan","2012",0.916654621415491,229.380243241145,161.597405379578,318.425886124956
"20","Botswana","2007",0.424533374021832,178.670572407288,129.763571371314,292.482793095218
"20","Botswana","2008",0.568506693880648,238.378699394601,171.363901328729,396.402604511327
"20","Botswana","2009",0.417878271827181,171.349389819918,120.394443212583,291.408253337253
"20","Botswana","2010",0.442993527998004,189.909103973099,133.824795499751,314.132385627676
"20","Botswana","2011",0.575935461012882,251.014074692055,178.32233786109,413.377245132807
"20","Botswana","2012",0.593257210576325,260.719604775161,186.268433399787,427.274921245591
"200","Singapore","2007",0.194320267597288,93.6593140341017,10.7636900960362,100.623799625182
"200","Singapore","2008",0.234295137686836,102.941216296274,11.8942733268177,110.785079347857
"200","Singapore","2009",0.348843899954216,157.951819425434,18.0171778697814,169.82448511398
"200","Singapore","2010",0.234308065076784,110.691501709013,12.784595039847,118.914987852436
"200","Singapore","2011",0.23811643210804,112.830313822795,12.7602757696494,121.114983072921
"200","Singapore","2012",0.301722281607444,145.251257193108,15.9755901536274,155.912374084149
"201","Somalia","2007",0.870016549867281,164.506374183241,141.17652134272,226.317043016088
"201","Somalia","2008",0.814520132491914,150.195386045251,128.176446931743,207.11544035738
"201","Somalia","2009",0.825848753047786,148.030231929203,125.536456893715,205.222886341418
"201","Somalia","2010",0.75471563583108,133.777678896166,113.059416657217,185.341965849357
"201","Somalia","2011",0.670134983590276,116.123311036052,97.5257531171241,161.55289450384
"201","Somalia","2012",0.757975882325189,130.150300487967,109.066238767519,180.746329795127
"202","South.Africa","2007",0.759950627928935,832.144739140043,740.578694402482,933.073494773948
"202","South.Africa","2008",0.781848388775774,979.986205710625,876.983253504732,1089.65844195003
"202","South.Africa","2009",0.765262852677954,986.246647272545,883.749182007283,1094.10173383992
"202","South.Africa","2010",0.777937233506377,1014.81984614657,912.529078464749,1123.50148100255
"202","South.Africa","2011",0.728046701486383,957.157225033805,862.101984313873,1057.2056495599
"202","South.Africa","2012",0.774447162040051,1020.18659993116,918.481132178729,1126.9515193765
"203","Spain","2007",0.612592232294969,3538.99642351131,3293.11876613227,3735.50567168725
"203","Spain","2008",0.659764583783663,3854.95285362314,3570.94605104752,4085.0982463868
"203","Spain","2009",0.64985884766709,3608.50329787433,3350.23584225446,3817.09680455456
"203","Spain","2010",0.685811565886741,3776.59529359478,3507.37746842346,3993.08900847719
"203","Spain","2011",0.710310154749467,3917.36385042476,3642.84784074149,4137.63695695081
"203","Spain","2012",0.686601671943174,3654.62559712243,3394.04231691209,3864.17937978667
"205","Western.Sahara","2010",0.495714754979544,6.91201788013259,4.37673725801654,10.8422889094275
"206","Sudan.(former)","2007",0.704031773895651,280.23373977151,206.231927906757,380.269510750059
"206","Sudan.(former)","2008",0.683989105803845,269.237100471156,198.189982224743,364.978237459442
"206","Sudan.(former)","2009",0.608220124248913,235.890465330824,173.903323566845,319.35094156352
"206","Sudan.(former)","2010",0.74302977252974,284.489790546736,210.035076211795,384.639017867732
"206","Sudan.(former)","2011",NA,NA,NA,NA
"207","Suriname","2007",0.442171665750737,1197.5668873001,970.894138490104,1444.91244953001
"207","Suriname","2008",0.535239029633883,1303.55700341965,1053.95710697101,1579.95278443398
"207","Suriname","2009",0.428787155645849,1194.08171150513,963.577190392425,1453.86791280752
"207","Suriname","2010",0.523805462873193,1674.72787890882,1355.50690132283,2027.78128581926
"207","Suriname","2011",0.531786859868117,1519.43185818197,1225.43155115005,1850.99383351616
"207","Suriname","2012",0.56192729591579,1756.14200193606,1416.32628603891,2132.06164549499
"208","Tajikistan","2007",0.973273579984912,160.582558117704,107.179170609049,234.937705061944
"208","Tajikistan","2008",0.934467876166129,186.256163107491,125.934028229297,268.917075984769
"208","Tajikistan","2009",0.97669352742366,209.231739213794,142.640551730256,300.406430827108
"208","Tajikistan","2010",0.973038729828783,218.966509411523,150.311262383867,312.684930061159
"208","Tajikistan","2011",0.962973944085105,227.451671072374,156.794169081387,324.330543237601
"208","Tajikistan","2012",0.960999384628385,243.225497048552,167.628834296733,348.582902782113
"209","Swaziland","2007",0.954282922655912,611.807242999692,436.917691320188,838.029636335115
"209","Swaziland","2008",0.967825703311675,605.826535375934,432.821680808137,829.949525093003
"209","Swaziland","2009",0.961667049375745,604.19000939984,430.210351937828,831.580552558974
"209","Swaziland","2010",0.974203616400356,648.393672965276,460.443438477646,895.810811766549
"209","Swaziland","2011",0.983441998447142,663.245699707983,470.275278022029,917.051477774141
"209","Swaziland","2012",0.687522697925797,467.020945851954,330.481009068514,647.111214396806
"21","Brazil","2007",0.624239428823907,2610.6090223085,2092.09796003093,3307.40892807152
"21","Brazil","2008",0.628170290947439,2802.85624086501,2259.04155317341,3528.78082269214
"21","Brazil","2009",0.702467171498262,3164.59578709921,2540.30977883164,4004.04111721452
"21","Brazil","2010",0.637556468426979,3085.50888255397,2484.5179951684,3891.72131182778
"21","Brazil","2011",0.593770700790259,2900.42692603305,2336.81501480192,3656.22735983519
"21","Brazil","2012",0.676456771897024,3289.99892557104,2645.95172389897,4154.94612136761
"210","Sweden","2007",0.701202837197987,1863.78285426444,1153.85723117603,2910.8920907665
"210","Sweden","2008",0.613148024410515,1624.48840899205,989.625371437301,2547.31661548431
"210","Sweden","2009",0.70066136447035,1870.71352545241,1112.01479806962,2964.6737242227
"210","Sweden","2010",0.696040715748371,1830.11074417023,1112.90468173716,2872.89803404926
"210","Sweden","2011",0.657334211544758,1713.37121492028,1050.34823525122,2679.18169157673
"210","Sweden","2012",0.724177414235804,1805.82344228154,1111.93691658333,2824.99292070497
"211","Switzerland","2007",0.598367523752697,1670.27795146543,1211.86478530267,2280.84330489598
"211","Switzerland","2008",0.554895347810643,1544.8860827478,1108.60737074907,2126.46203463312
"211","Switzerland","2009",0.497000477965327,1389.30379604437,1000.90694804315,1907.00432403693
"211","Switzerland","2010",0.544969043796743,1520.33268703107,1099.71520881281,2080.69298743904
"211","Switzerland","2011",0.608015435608061,1686.57092446669,1224.25105142076,2302.75468021083
"211","Switzerland","2012",0.599605533440734,1643.19584840181,1191.96800232548,2244.82401559875
"212","Syrian.Arab.Republic","2007",0.704607717960169,419.991816137461,406.887358329847,437.891604230474
"212","Syrian.Arab.Republic","2008",0.671469554530984,336.36018891031,324.189067908127,352.972310302961
"212","Syrian.Arab.Republic","2009",0.701415926604913,354.26717497281,341.144809249586,371.722096041311
"212","Syrian.Arab.Republic","2010",0.706255936636523,354.090209120402,340.682632788555,371.869430811241
"212","Syrian.Arab.Republic","2011",0.661112026486761,339.157768132258,324.868892896772,357.472521348086
"212","Syrian.Arab.Republic","2012",0.759165893946397,363.072058234711,346.480567562681,384.181356073605
"213","Turkmenistan","2007",0.999267495406907,1043.3510813068,792.899138187229,1878.23224372593
"213","Turkmenistan","2008",0.999510318952843,1209.87737972213,940.574707543701,2022.08694723746
"213","Turkmenistan","2009",0.998978348563432,1166.89548932895,899.340842170139,1982.67914742005
"213","Turkmenistan","2010",0.995508140218275,1166.70036704221,898.355250356599,1967.30115709972
"213","Turkmenistan","2011",0.992914717079423,1172.95721816945,905.673191256922,1968.08301183143
"213","Turkmenistan","2012",0.995500860229426,1186.23332291613,914.952516137116,1978.57258958663
"215","United.Republic.of.Tanzania","2007",0.536900183131935,131.34715497837,90.9108048736967,195.2517318118
"215","United.Republic.of.Tanzania","2008",0.505774769498645,123.03751916238,84.8612639722786,184.13902606511
"215","United.Republic.of.Tanzania","2009",0.489260084508196,117.952741323363,80.9982244651261,177.763463254888
"215","United.Republic.of.Tanzania","2010",0.539409537664317,129.923322902114,88.8720076941463,196.98358070468
"215","United.Republic.of.Tanzania","2011",0.482189693367477,120.339468331993,79.6063438791241,191.69676480986
"215","United.Republic.of.Tanzania","2012",0.483379138294134,122.982106677638,81.0629731628983,196.675101562101
"216","Thailand","2007",0.507441299249481,1089.37829380559,966.470993547797,1207.34767212412
"216","Thailand","2008",0.515674156932657,990.366630450506,871.031930489778,1112.05118999106
"216","Thailand","2009",0.537145375781559,985.72403635972,867.046410813994,1106.6678916745
"216","Thailand","2010",0.554385716064878,1051.91212460661,929.961759823726,1170.12970059486
"216","Thailand","2011",0.597867659705578,1171.07486578694,1040.62983686328,1289.61100167964
"216","Thailand","2012",0.586258398165666,1171.07640107139,1042.66455238481,1283.19468198721
"217","Togo","2007",0.703438306236022,336.374036242638,283.541359715795,383.3227371448
"217","Togo","2008",0.733157566512536,341.147516681803,287.926080295132,388.015564806534
"217","Togo","2009",0.764368285193189,403.211251720703,337.371832327545,462.208912559827
"217","Togo","2010",0.710312420103175,389.919386384414,325.964757584672,447.108332498636
"217","Togo","2011",0.666716045854848,375.857117950499,314.095214727015,431.265614953108
"217","Togo","2012",0.764309475613464,492.654364688486,414.728908008484,561.81587265155
"221","Oman","2007",0.499738722824977,160.396233029516,154.454871537024,166.616094214695
"221","Oman","2008",0.397083001653011,128.755530720722,122.985161678499,134.692637019878
"221","Oman","2009",0.337334255239885,107.946191137857,102.541362127174,113.428587191991
"221","Oman","2010",0.37378425898653,116.153656361451,109.67283200138,122.67853056101
"221","Oman","2011",0.51472913121028,154.261545667502,144.999326797243,163.506237959369
"221","Oman","2012",0.299059843035293,84.3641229512338,78.9443690774487,89.7323062279423
"222","Tunisia","2007",0.867979818791346,1608.95625242258,1350.85578288007,1833.52517558374
"222","Tunisia","2008",0.852602929886086,1624.4026517645,1364.26443468711,1850.68616954974
"222","Tunisia","2009",0.892196094523605,1712.43768570021,1439.18435957634,1945.91784495173
"222","Tunisia","2010",0.951564905385648,1961.61202687261,1649.16934705317,2232.19054492477
"222","Tunisia","2011",0.978792549772045,1948.06186402164,1636.20599584068,2217.33061811728
"222","Tunisia","2012",0.9286936871169,1995.32139329937,1676.40123696987,2267.79352737429
"223","Turkey","2007",0.700247371619812,1310.70924232722,1252.19357349542,1425.0080676948
"223","Turkey","2008",0.705047954381284,1067.73417057946,1013.48681857891,1178.83181151134
"223","Turkey","2009",0.726891271018404,1029.74314768384,976.21800447986,1139.09380000222
"223","Turkey","2010",0.66489086819792,844.612318004129,792.082126932255,956.694638537659
"223","Turkey","2011",0.680797533401763,878.156543941331,817.688606049178,1014.05148521143
"223","Turkey","2012",0.677031442162477,898.389536296223,827.205432889003,1070.64536044291
"225","United.Arab.Emirates","2007",0.509976124682735,219.891265190949,159.396650746442,265.515575622629
"225","United.Arab.Emirates","2008",0.722711268960635,334.454554743261,246.266217612602,403.306233977984
"225","United.Arab.Emirates","2009",0.221763038633202,101.279420999793,74.8210645302599,122.308487427223
"225","United.Arab.Emirates","2010",0.0783640036257408,35.0137549006918,26.1422642403182,42.2172048411058
"225","United.Arab.Emirates","2011",0.112252765292141,49.7765393311514,37.1377821328302,60.0893242106536
"225","United.Arab.Emirates","2012",0.202563074828656,87.5423372335912,65.2601589854517,105.679577435312
"226","Uganda","2007",0.677105975618689,250.698800769755,160.064944262961,431.753188837299
"226","Uganda","2008",0.675914512899648,290.41251665473,161.319736923594,645.60394192434
"226","Uganda","2009",0.667930524711474,301.230848168488,169.688700401673,664.726395592139
"226","Uganda","2010",0.644909050072017,301.769074348948,171.287870075908,665.673357013174
"226","Uganda","2011",0.622594228338988,287.676706861573,160.604365490772,648.871683152013
"226","Uganda","2012",0.691072679070639,328.3028002249,185.281489041462,737.565406256587
"229","United.Kingdom","2007",0.541981992589611,1385.44054393591,1135.79708450288,1697.62460245677
"229","United.Kingdom","2008",0.567103628480668,1436.23427925869,1188.39971259096,1745.65854514269
"229","United.Kingdom","2009",0.538407044302789,1361.21207079282,1119.86197857018,1663.03944011841
"229","United.Kingdom","2010",0.470666324407315,1179.27602996685,965.579637324027,1446.92726376811
"229","United.Kingdom","2011",0.515758297500522,1277.79081225884,1046.73577135909,1567.36027470021
"229","United.Kingdom","2012",0.552871306123143,1347.82243432634,1103.22762776543,1654.38910915973
"23","Belize","2007",0.780782949141904,1843.66630538614,1577.64841159621,2185.63678049912
"23","Belize","2008",0.524393170772023,1218.79646018941,1023.15567459775,1491.04871462737
"23","Belize","2009",0.672218169219933,1666.39578785661,1390.06502955876,2069.02967174666
"23","Belize","2010",0.703891463264501,1811.58750695597,1524.76694817799,2224.71173776091
"23","Belize","2011",0.682298552873136,1663.51552894562,1391.9492102184,2056.5064566752
"23","Belize","2012",0.773057768985413,1932.80842976145,1622.49574826372,2376.40651519383
"230","Ukraine","2007",0.845685077435719,2617.4358830224,2209.83724235923,3019.75727374556
"230","Ukraine","2008",0.757277389650435,2255.24549805291,1941.69186420465,2566.59285496401
"230","Ukraine","2009",0.800476594369582,2386.75611698015,2075.67546641177,2695.6820414499
"230","Ukraine","2010",0.764327825697241,2388.16299703183,2104.20624880587,2666.3049623436
"230","Ukraine","2011",0.758941608898047,2484.73084534809,2212.34778644214,2749.70233474698
"230","Ukraine","2012",0.763657319360692,2453.28942977005,2180.4369360974,2720.33372609477
"231","United.States.of.America","2007",0.799326330213369,6380.25294073342,5440.25035923443,7401.56481181182
"231","United.States.of.America","2008",0.788976111851816,6322.29873617736,5413.74046108897,7306.31055868025
"231","United.States.of.America","2009",0.779412113902509,5942.69942448183,5056.33388385262,6908.64638772145
"231","United.States.of.America","2010",0.77171701639697,5859.45732343538,4993.98510897883,6803.57036338948
"231","United.States.of.America","2011",0.763202614364785,5741.82068823222,4895.97586097179,6669.63269857196
"231","United.States.of.America","2012",0.77758650407753,5830.55931395748,4953.54602803754,6800.27644967458
"233","Burkina.Faso","2007",0.534062931797298,268.856732620434,189.413116638198,417.701182029176
"233","Burkina.Faso","2008",0.533373846384614,284.281163530636,204.198942656008,435.512040746932
"233","Burkina.Faso","2009",0.516767292267959,274.654545338032,195.071425689155,425.006905672443
"233","Burkina.Faso","2010",0.558101929623077,303.019737185163,216.790521354905,467.855832527236
"233","Burkina.Faso","2011",0.550295091394471,295.687391537267,209.432385947084,461.754122574569
"233","Burkina.Faso","2012",0.55786472391073,307.009074112589,220.701296721498,476.166030391451
"234","Uruguay","2007",0.821734774457263,4992.65683660797,3293.57745590899,7502.04971656873
"234","Uruguay","2008",0.413860404503491,2589.22312361607,1712.20678972914,3883.18771131806
"234","Uruguay","2009",0.438153249192928,2456.86409138576,1643.52042916587,3643.2411723628
"234","Uruguay","2010",0.803793657356594,4669.47855396619,3143.96572704025,6878.4512021756
"234","Uruguay","2011",0.62168374657891,3634.12611397218,2457.56626069639,5326.97026397254
"234","Uruguay","2012",0.4768119626886,2728.08716575472,1845.89796319468,3993.67662436301
"235","Uzbekistan","2007",0.392051502474192,213.202270772524,158.763442319743,288.614006712122
"235","Uzbekistan","2008",0.383245098080872,223.213461982418,167.043370795021,300.214785288706
"235","Uzbekistan","2009",0.478013726993022,309.190148316629,233.970468277889,410.591176705383
"235","Uzbekistan","2010",0.46972791351077,342.216909498621,261.959053426028,449.078728498519
"235","Uzbekistan","2011",0.470287460700538,373.967058450703,286.554898045153,490.537351198036
"235","Uzbekistan","2012",0.483503568540476,422.553131898435,327.206878059399,548.748247445048
"236","Venezuela.(Bolivarian.Republic.of)","2007",0.709904717697752,1457.99465998431,1149.27083207423,1833.52463501769
"236","Venezuela.(Bolivarian.Republic.of)","2008",0.740847338103371,1627.83638835863,1291.75574077778,2029.01726441509
"236","Venezuela.(Bolivarian.Republic.of)","2009",0.72293113458965,1584.74921500079,1261.0217850417,1967.25957583097
"236","Venezuela.(Bolivarian.Republic.of)","2010",0.658790567439206,1323.63636424006,1057.68896422351,1632.366596081
"236","Venezuela.(Bolivarian.Republic.of)","2011",0.677386902594858,1450.31501851851,1159.14430447008,1785.01442661412
"236","Venezuela.(Bolivarian.Republic.of)","2012",0.672907172880156,1508.11697795163,1207.88703167125,1847.72606164285
"237","Viet.Nam","2007",0.509619911374378,820.871588084891,709.414757162209,931.566116294022
"237","Viet.Nam","2008",0.484752092471481,824.257611051418,717.48771387605,927.111565452802
"237","Viet.Nam","2009",0.53720109387473,968.538370542858,846.278210063634,1083.69937881365
"237","Viet.Nam","2010",0.503484193270614,919.662169688206,805.657032926456,1024.71586752309
"237","Viet.Nam","2011",0.483205935127903,926.215157199116,814.440873061341,1026.46118371826
"237","Viet.Nam","2012",0.499334035842145,924.332480412845,813.943295489239,1022.54063323639
"238","Ethiopia","2007",0.941242711304594,195.494545851335,81.8317486977899,603.379274974612
"238","Ethiopia","2008",0.9473654813997,197.625503846368,80.1379054034275,630.109065659991
"238","Ethiopia","2009",0.960654270171521,210.242511851466,85.5267115903132,678.613763504457
"238","Ethiopia","2010",0.964104109911822,225.728143306811,93.4132139970734,733.118195243611
"238","Ethiopia","2011",0.945673889793895,206.829159551376,84.9021527913628,671.633151354033
"238","Ethiopia","2012",0.939895039745439,212.178102060237,88.8110478307274,689.174076705698
"249","Yemen","2007",0.893052845209059,381.45776444261,362.715951137846,412.59181113193
"249","Yemen","2008",0.895276852797731,390.590546643238,368.386778075732,425.231814865293
"249","Yemen","2009",0.902901063986932,398.74998002786,374.089981832841,435.589195235391
"249","Yemen","2010",0.917791442910291,407.521407638946,380.302071248443,446.450305021055
"249","Yemen","2011",0.853972419244052,375.481550008744,348.836471756108,412.415147831557
"249","Yemen","2012",0.883528404456919,393.255230130083,363.943473613966,432.59687310116
"250","Democratic.Republic.of.the.Congo","2007",0.624954348728952,38.1267864198058,28.7340341543984,53.0553753944052
"250","Democratic.Republic.of.the.Congo","2008",0.621839902299977,37.0424320874505,27.9596119319622,51.4737063836674
"250","Democratic.Republic.of.the.Congo","2009",0.628356597113178,36.6266046105004,27.688520526497,50.8038239686893
"250","Democratic.Republic.of.the.Congo","2010",0.620781685745506,35.9833014574011,27.1122853109547,50.4642858043325
"250","Democratic.Republic.of.the.Congo","2011",0.612140289526263,34.5723390352686,25.9551652169076,48.6138120705656
"250","Democratic.Republic.of.the.Congo","2012",0.626616142038514,35.910563153906,27.0066597113204,49.9267510859541
"251","Zambia","2007",0.608532766334188,298.272795652033,247.020372968719,357.10024078283
"251","Zambia","2008",0.597425499760897,308.492919975545,254.688115368893,371.956007209922
"251","Zambia","2009",0.603541635402024,321.759795641731,265.757454518242,384.979213224674
"251","Zambia","2010",0.686447152770315,375.574964536205,311.359145881498,446.863634263783
"251","Zambia","2011",0.597964075812612,326.448407787841,271.34997373407,387.428226936693
"251","Zambia","2012",0.551266857920597,297.237076020633,247.513732391417,351.943513556614
"256","Luxembourg","2007",0.266124077733001,1230.06530024233,550.540805768234,2163.46250297294
"256","Luxembourg","2008",0.336483828222359,1593.24311112299,696.133804536022,2815.62891277841
"256","Luxembourg","2009",0.296204338239173,1392.82736191866,612.600004724415,2456.16431615875
"256","Luxembourg","2010",0.23060247677673,984.555850858555,441.314275117619,1722.74914626448
"256","Luxembourg","2011",0.256350119125184,1099.00855387831,504.716644971115,1912.98723919033
"256","Luxembourg","2012",0.22149668209947,932.911538084605,432.796655462124,1620.46351436527
"26","Brunei.Darussalam","2007",0.221493335343804,1465.46714049356,472.948211706925,2171.28971459021
"26","Brunei.Darussalam","2008",0.3559703508344,2353.32983016657,754.815653450481,3478.58193982548
"26","Brunei.Darussalam","2009",0.374733695232408,2433.22026965619,774.77831061637,3582.22281642743
"26","Brunei.Darussalam","2010",0.117390053005509,785.979422915422,252.195604641004,1162.37706099177
"26","Brunei.Darussalam","2011",0.480444497239784,3093.3365913711,987.422111166365,4559.24333551166
"26","Brunei.Darussalam","2012",0.160773129095511,1208.69584534243,386.964587826071,1776.84360810788
"27","Bulgaria","2007",0.58478587413766,1282.19965327823,1114.85082764,1431.35623188536
"27","Bulgaria","2008",0.486626005806802,1007.3213094824,869.680379770002,1128.45256920823
"27","Bulgaria","2009",0.443137530169956,868.305570267827,748.431361043629,974.469465908791
"27","Bulgaria","2010",0.426306285239053,808.208364995,696.328680767487,907.441287890015
"27","Bulgaria","2011",0.623707818493371,1114.90943236756,953.767533803355,1259.46755251911
"27","Bulgaria","2012",0.451265209408737,776.240453291208,662.100631596227,878.276328979451
"272","Serbia","2007",0.954014745879543,1833.06846713017,890.00861982055,3231.33786686192
"272","Serbia","2008",0.968576520082645,1932.37762279381,932.866113818793,3443.80150197652
"272","Serbia","2009",0.991599159639694,2131.42771797796,1068.45238615293,3636.3750792958
"272","Serbia","2010",1,2373.044534,1207.964098,3883.912837
"272","Serbia","2011",0.996122838319419,1968.3796940709,1002.20088203812,3359.85152625169
"272","Serbia","2012",0.999909534164053,2090.25434428507,1067.50076291382,3472.42440780206
"273","Montenegro","2007",0.196540653553862,180.643187221508,51.7355786443637,512.369861579911
"273","Montenegro","2008",0.25656679215042,205.584248786973,56.9691004272864,599.494724950108
"273","Montenegro","2009",0.288209620164401,222.968161637331,65.4749253525923,650.634308106339
"273","Montenegro","2010",0.187980963914789,151.264371902556,47.4137775495618,422.177751044814
"273","Montenegro","2011",0.253356444919237,216.921321993551,73.2296694652426,627.974078640827
"273","Montenegro","2012",0.26431738067593,230.851039944709,84.9401645370595,612.78723006805
"28","Myanmar","2007",0.590207507014963,663.509122767991,580.500949809997,1003.58372605853
"28","Myanmar","2008",0.580840496867942,722.353783329144,635.254993781293,1074.0071128504
"28","Myanmar","2009",0.572346699257411,852.263642981569,758.299102112824,1221.22358126569
"28","Myanmar","2010",0.579216927526989,931.600115625896,828.699195091677,1330.74606379938
"28","Myanmar","2011",0.592929690581279,1038.51641946124,924.544593788958,1476.49772576784
"28","Myanmar","2012",0.612702757811808,1153.99359998431,1024.25856397214,1652.5034946935
"29","Burundi","2007",0.840123112490838,107.573360797121,72.3327706509886,154.332691960815
"29","Burundi","2008",0.846644325672672,93.5866534197394,61.7562871368026,137.316573654518
"29","Burundi","2009",0.859276917430584,99.3997013725964,62.4737337124207,157.207716076029
"29","Burundi","2010",0.870526562025162,96.2816276426919,58.6813151651935,160.197663312507
"29","Burundi","2011",0.857431610724262,83.5178482004576,48.4122131285297,150.896058478271
"29","Burundi","2012",0.376466020903107,47.4230813538,28.3788512807475,82.6760109879695
"299","Occupied.Palestinian.Territory","2007",0.481257257381433,300.26098834755,140.371242865382,487.346796999469
"299","Occupied.Palestinian.Territory","2008",0.390571918784156,242.352433265779,113.487755000913,388.202226973206
"299","Occupied.Palestinian.Territory","2009",0.259264930505076,165.172822403554,79.9479046843715,255.668763515418
"299","Occupied.Palestinian.Territory","2010",0.336114152190741,204.49977374787,97.8345377329786,325.084818304993
"299","Occupied.Palestinian.Territory","2011",0.311246124920263,198.823770653351,97.6219515807897,321.88704416608
"299","Occupied.Palestinian.Territory","2012",0.248629219288937,124.873930262329,60.6859157847475,211.3725755513
"3","Albania","2007",0.926011510172159,2654.17901589461,1993.56241101988,3245.44936254466
"3","Albania","2008",0.937005964552781,2743.05078768373,2182.70091596192,3272.63349042678
"3","Albania","2009",0.91486115489257,2660.39169636225,2163.07459242716,3144.0941293458
"3","Albania","2010",0.908404348179072,2668.13028244619,2167.85079666244,3155.56444202514
"3","Albania","2011",0.913455055493717,2731.82648366838,2219.81991243031,3230.92212586474
"3","Albania","2012",0.905325511924681,2687.73569677873,2176.26359126594,3185.88765931266
"32","Cameroon","2007",0.508037244692198,197.781991679774,140.254816913236,339.66029734011
"32","Cameroon","2008",0.547898364354781,210.58829033729,153.801009818707,324.053734401754
"32","Cameroon","2009",0.593482004284592,225.377574557674,165.21019192762,341.054378383997
"32","Cameroon","2010",0.576834002582767,227.084115295915,169.188391036114,319.129285546878
"32","Cameroon","2011",0.55026020856226,221.666292186484,162.064644525258,331.795685242052
"32","Cameroon","2012",0.528010167932118,197.020528837767,143.235777409502,301.224926215403
"33","Canada","2007",0.839013100290213,7582.97091162951,6293.12923504133,8876.07752379616
"33","Canada","2008",0.780896280365997,6755.46694388172,5605.02977961444,7910.606028338
"33","Canada","2009",0.781657945177891,6472.05349104856,5406.13492070294,7550.8363338171
"33","Canada","2010",0.768064477553204,6167.88580968382,5181.59380044007,7166.3350998602
"33","Canada","2011",0.797264750337076,6229.79835577992,5285.24435305666,7195.4645509586
"33","Canada","2012",0.783585411722963,6445.69500870139,5417.7309826017,7494.45241243648
"35","Cape.Verde","2007",0.43321940340672,209.965655630217,117.404955876404,569.816817523484
"35","Cape.Verde","2008",0.483904267614201,252.524685276587,140.154756910913,711.642722016629
"35","Cape.Verde","2009",0.382498264696253,205.104923448694,113.512420312869,579.109592787371
"35","Cape.Verde","2010",0.428208715038283,238.664205295018,132.1980037415,668.423719431312
"35","Cape.Verde","2011",0.354388422612201,204.130905221024,113.390449811816,563.31661739142
"35","Cape.Verde","2012",0.370612765906538,217.814518274531,121.041028180425,600.829894872208
"351","China","2007",0.688127084495349,1677.77771390093,1464.80684614915,2035.79282225641
"351","China","2008",0.661748443068537,1692.40575935269,1481.96742885042,2037.55289526971
"351","China","2009",0.65213297684732,1729.5373172002,1516.46540904856,2074.4698328915
"351","China","2010",0.634453245817272,1712.76576837131,1503.32376332922,2045.55696812817
"351","China","2011",0.666109594038461,1800.05551627461,1582.90197052488,2147.64638136203
"351","China","2012",0.664399931952104,1819.21675796578,1601.72020153371,2162.668883568
"37","Central.African.Republic","2007",0.298614088952211,177.698972215275,120.211663703902,291.514723620463
"37","Central.African.Republic","2008",0.276895246341739,180.622992284255,126.414303297518,281.503450281514
"37","Central.African.Republic","2009",0.315980062369627,212.345474668334,148.637508358743,331.837540442471
"37","Central.African.Republic","2010",0.316528809453978,219.943700707837,153.239585463987,347.045956859991
"37","Central.African.Republic","2011",0.301855537504384,209.510119760151,142.766647980745,344.72016273095
"37","Central.African.Republic","2012",0.312923098002805,217.281603044111,147.539417007111,360.002540191492
"38","Sri.Lanka","2007",0.107233261504019,23.9986211991218,21.258250655693,27.1323865597549
"38","Sri.Lanka","2008",0.123518834154178,28.3145221086689,25.0856411787934,31.9956530204302
"38","Sri.Lanka","2009",0.129137565487081,28.8938441181939,25.5865862940758,32.7269763239011
"38","Sri.Lanka","2010",0.143887023376401,32.5649198416369,28.7766371387314,36.9461379603416
"38","Sri.Lanka","2011",0.16358938738963,37.7166960069679,33.3791471044341,42.6949842151229
"38","Sri.Lanka","2012",0.130948886546333,30.2079870013143,26.475988990679,34.6271855845329
"39","Chad","2007",0.999994362950467,133.309003726307,77.2022657845505,249.855215945832
"39","Chad","2008",1,132.324507,76.76870034,246.6563638
"39","Chad","2009",0.999741348805839,131.574312242361,76.4741878025219,243.801356773295
"39","Chad","2010",0.999999531206123,132.302709977271,76.9927658762459,242.995660185069
"39","Chad","2011",0.999947168878874,131.725637319217,76.9444841218662,240.055509628233
"39","Chad","2012",0.999987796660449,131.121785456803,76.8969999283477,236.676628019498
"4","Algeria","2007",0.871005694268083,574.321897299976,487.73271622041,681.774292842745
"4","Algeria","2008",0.859163411782421,552.503659124952,468.298045727646,657.715167553635
"4","Algeria","2009",0.874992281346881,565.824790373146,480.957929354806,671.73182043783
"4","Algeria","2010",0.846327119851082,592.191666154407,504.613570673796,698.171565948305
"4","Algeria","2011",0.851166733316256,595.81260005814,507.936160568348,701.173425868927
"4","Algeria","2012",0.865492154109445,618.839550261286,526.121322889241,730.221603478798
"40","Chile","2007",0.732049339984327,4495.79357675598,4227.63335176054,4932.526547702
"40","Chile","2008",0.699788002653699,4233.71636147436,3984.5629389828,4634.22663364998
"40","Chile","2009",0.720360090889697,4301.5893655743,4054.30703933621,4696.22303620758
"40","Chile","2010",0.704869372049148,4348.9090613851,4101.99902063489,4745.01903119949
"40","Chile","2011",0.692951343181766,4538.33994752461,4291.22789672733,4933.95237477429
"40","Chile","2012",0.677064070474977,4457.21816637586,4211.80707445075,4846.02707355146
"44","Colombia","2007",0.715582653974279,1276.46844653341,989.399043423367,1653.72437664835
"44","Colombia","2008",0.730117088022403,1323.91711096671,1029.20199203822,1709.36093878201
"44","Colombia","2009",0.737587234138702,1317.34957029166,1028.79827126074,1693.84616562658
"44","Colombia","2010",0.718848403709015,1274.23372976953,998.023168969132,1631.32233924675
"44","Colombia","2011",0.696259988230464,1190.14333339351,940.28560039513,1510.98482510775
"44","Colombia","2012",0.714943931236365,1180.06742538096,932.11376051444,1500.29612635997
"46","Congo","2007",0.745125819829469,110.249439078128,81.5521033245254,216.929656853186
"46","Congo","2008",0.678031241955448,101.277983671746,74.7932807075815,195.678920206647
"46","Congo","2009",0.703301141918793,104.695554039136,77.5912800883415,202.01603243434
"46","Congo","2010",0.683344583962072,103.541340412888,76.604853390517,197.522484887767
"46","Congo","2011",0.729286607066549,112.370080034058,83.4798031420495,211.185957085209
"46","Congo","2012",0.696388057126261,107.16424790547,79.7798940499634,199.686871101188
"48","Costa.Rica","2007",0.669084939098934,1756.12582893492,1425.5183676785,2133.88322678483
"48","Costa.Rica","2008",0.662025607652538,1700.24000972892,1365.91323017156,2092.40314112223
"48","Costa.Rica","2009",0.80266626326413,2054.91574849488,1645.32413859468,2539.58436847102
"48","Costa.Rica","2010",0.645576720833615,1678.851614319,1336.14979308021,2087.70639292159
"48","Costa.Rica","2011",0.656427067891363,1643.29019524346,1302.32738249411,2053.14891809838
"48","Costa.Rica","2012",0.608932355900994,1521.7946511323,1213.8124727926,1885.89933884986
"49","Cuba","2007",0.681611746471515,857.741732892996,653.968047467336,1144.37494146285
"49","Cuba","2008",0.696608996062114,867.893118453035,653.600231673585,1176.49354873291
"49","Cuba","2009",0.706921830625501,840.434832122369,626.007427252951,1154.0558846071
"49","Cuba","2010",0.676559339384114,851.591057539985,638.151801783839,1162.40418387292
"49","Cuba","2011",0.698624445709129,885.363389184229,646.989682305691,1251.87677217146
"49","Cuba","2012",0.695549011344793,818.945693720421,608.122357020691,1125.54839287703
"50","Cyprus","2007",0.312707087235077,1029.59498241442,804.358057070543,1365.04662013242
"50","Cyprus","2008",0.302611550253617,995.692963954639,762.797888172759,1306.75647810793
"50","Cyprus","2009",0.474291945102135,1449.40531588946,1173.70207609378,1982.47140025567
"50","Cyprus","2010",0.301362554401872,933.886335024625,718.633027269591,1274.32769955447
"50","Cyprus","2011",0.354219923122352,1049.9069159314,827.117119701981,1474.88414464615
"50","Cyprus","2012",0.390378889537926,1116.02573345415,872.853071645795,1589.44565615108
"52","Azerbaijan","2007",0.925923232515332,635.56786222031,514.464049590803,776.316145761731
"52","Azerbaijan","2008",0.941586606120931,694.401753919309,564.596747112322,847.427077271828
"52","Azerbaijan","2009",0.955011394731273,747.49003548289,607.811130766664,915.640039294917
"52","Azerbaijan","2010",0.940788127846782,741.241466647557,597.302378093413,919.082640100037
"52","Azerbaijan","2011",0.931013397458222,733.430696446024,592.933533068069,910.310774762681
"52","Azerbaijan","2012",0.950520601163558,780.742484279913,620.035905227371,977.218324785725
"53","Benin","2007",0.48964690077355,146.625612456107,112.286405313557,228.547201955022
"53","Benin","2008",0.538770486525374,162.689708955783,124.478302140061,255.041484674062
"53","Benin","2009",0.579494681967654,177.296740023715,135.532573361167,279.608239748828
"53","Benin","2010",0.568219019470173,173.430584156124,132.325856155367,276.468294748978
"53","Benin","2011",0.474070553439153,145.686159226747,110.710737830244,234.56072348177
"53","Benin","2012",0.496612992503608,153.342413783644,116.367466929419,248.76553302223
"54","Denmark","2007",0.392768463494241,6070.72256394032,4913.2436898129,7263.66189465403
"54","Denmark","2008",0.475259629049008,6990.51531851258,5430.83694506556,8416.97705394202
"54","Denmark","2009",0.446312655476772,6698.7103147409,5053.15812475893,8022.14115688292
"54","Denmark","2010",0.380024968468547,5873.17449856289,4448.03804939264,7015.79067653567
"54","Denmark","2011",0.441695288393089,6757.81648154557,5062.1109770713,8072.7276704921
"54","Denmark","2012",0.463420107507589,6982.90511221785,5246.92470500161,8359.49923138063
"55","Dominica","2007",0.0303005665579721,42.6844014137901,7.10533235796042,98.5279712469334
"55","Dominica","2008",0.0608193559500494,86.7787122683026,13.5285334356332,200.765364098777
"55","Dominica","2009",0.0496908486758362,71.4052392221607,11.0105132562281,165.598748406149
"55","Dominica","2010",0.0408791486309838,58.6764729302987,9.49114021908521,136.405993026897
"55","Dominica","2011",0.0339502775967539,49.4100187980794,7.67552219166426,114.771652422372
"55","Dominica","2012",0.0499199084255795,69.9592464322398,11.5301039293157,157.124150631879
"56","Dominican.Republic","2007",0.929378511821801,3211.77614160231,2305.84595372417,4336.24245597053
"56","Dominican.Republic","2008",0.750725732004475,2354.51737775862,1675.2882307709,3225.5878896838
"56","Dominican.Republic","2009",0.710243914409308,2410.11771279907,1707.90607466172,3292.26145540895
"56","Dominican.Republic","2010",0.861327431368553,2888.63004257984,2026.30519576842,3985.32494651903
"56","Dominican.Republic","2011",0.859348742506286,2768.66253477948,1925.0397161409,3848.2084281224
"56","Dominican.Republic","2012",0.787286994529086,2508.56434210415,1734.76347616776,3497.56336960568
"57","Belarus","2007",0.857769789113821,4889.43671278856,3378.58259202022,6407.61229413886
"57","Belarus","2008",0.847200686342445,4933.0568414719,3406.7802609083,6464.04493125484
"57","Belarus","2009",0.865781996356688,5326.57969243379,3654.99839241664,6987.70613459696
"57","Belarus","2010",0.843640164900525,5332.90036404846,3669.34598307151,6978.21470219962
"57","Belarus","2011",0.846761777770616,5502.74519347974,3813.91694808472,7165.41757384086
"57","Belarus","2012",0.803677691575028,5477.30060363453,3771.78286672491,7132.95862340362
"5706","European.union","2007",0.905685808114089,4142.61805460511,3266.89415869268,5157.79039663793
"5706","European.union","2008",0.90165198815183,4060.61519093703,3190.01560644779,5060.06637842283
"5706","European.union","2009",0.89321084123149,3990.29037788721,3135.41841431396,4969.54060365602
"5706","European.union","2010",0.892510906387029,3980.3913909479,3136.2069612271,4945.90423676289
"5706","European.union","2011",0.892007008368403,3983.95027156886,3145.8320207414,4944.73656675123
"5706","European.union","2012",0.895874833002635,3956.61961157769,3114.4536756097,4921.27994746324
"58","Ecuador","2007",0.689248228833253,1985.77314661444,1559.21433745506,2459.41057494901
"58","Ecuador","2008",0.738456966092369,2648.46985206625,2090.15910026974,3254.94621947761
"58","Ecuador","2009",0.730954237962247,2129.8035527284,1655.03196907208,2677.12180067252
"58","Ecuador","2010",0.734027516644852,2833.03673430159,2235.2194007967,3490.88340038277
"58","Ecuador","2011",0.72094591487548,2699.23460992769,2117.93541554334,3351.40202426258
"58","Ecuador","2012",0.700880354990593,2479.08138607499,1959.25513156085,3051.80399983442
"59","Egypt","2007",0.853434114344485,582.0475347034,536.81836874943,620.809589443962
"59","Egypt","2008",0.898396532400244,600.177608628496,553.172167036068,642.670095569949
"59","Egypt","2009",0.901073881115262,593.221082340942,545.410112300994,639.231423649009
"59","Egypt","2010",0.897813430953872,646.138198775861,595.53344634851,696.674175462273
"59","Egypt","2011",0.835936292144277,624.458715860324,575.632586284081,674.840343735099
"59","Egypt","2012",0.832583726434932,637.533972754157,587.326414867661,691.515565649592
"60","El.Salvador","2007",0.714277318412783,842.48065646456,664.585874789628,1158.46333657601
"60","El.Salvador","2008",0.704481824420192,786.671355338775,611.172678696162,1102.16760021461
"60","El.Salvador","2009",0.700931409295975,756.894216002817,595.916587827386,1042.36012934877
"60","El.Salvador","2010",0.68106767649521,699.534881028792,563.16197820908,931.294614711248
"60","El.Salvador","2011",0.682468881300457,666.376107429081,557.288972330208,832.934921451334
"60","El.Salvador","2012",0.692752160437043,693.894260051578,571.761411292522,889.813724357469
"61","Equatorial.Guinea","2007",0.995014019170687,87.354553961973,82.6128511905298,97.0523954736377
"61","Equatorial.Guinea","2008",0.981456920868047,85.7293843601579,80.3427896437176,95.7287159650393
"61","Equatorial.Guinea","2009",0.968038322377235,82.0369178828585,76.2609781543289,92.1996015835407
"61","Equatorial.Guinea","2010",0.969314295127277,80.6683824445576,74.4511141315487,91.2067402719154
"61","Equatorial.Guinea","2011",0.994066334851159,82.6136083277343,75.7372521234188,93.8222364384608
"61","Equatorial.Guinea","2012",0.911647269351607,75.6213958072441,68.9676104627495,86.0294855567129
"63","Estonia","2007",0.476309615057438,1312.62833360838,1034.37712680579,1666.21437955629
"63","Estonia","2008",0.555335535436811,1583.2053371592,1252.82200442944,2001.13441375639
"63","Estonia","2009",0.536198285821387,1529.50276041162,1237.81624257508,1895.87128970955
"63","Estonia","2010",0.503384700987839,1473.86172266135,1171.55900435964,1857.47725550088
"63","Estonia","2011",0.390254529912362,1176.4636317908,943.548023044737,1470.91222860322
"63","Estonia","2012",0.449614989198034,1402.86181041242,1134.03913010405,1740.70130742842
"66","Fiji","2007",0.0836318874202128,159.125749817912,45.9658118813752,494.281578533302
"66","Fiji","2008",0.104126593049106,198.94898551016,56.409290041903,610.981590811346
"66","Fiji","2009",0.0831533710009078,156.721453524757,47.5617094232935,481.61185657135
"66","Fiji","2010",0.124487607121572,245.633584442071,75.624982301201,730.065686564639
"66","Fiji","2011",0.101040336869573,201.286624608417,59.0799146371285,593.163234621981
"66","Fiji","2012",0.119581891098381,250.880332657584,73.0783926345675,713.731867241203
"67","Finland","2007",0.683686458864686,2487.77399992274,1301.47693809703,4322.77039730512
"67","Finland","2008",0.701819253752632,2595.16811265364,1386.65519391099,4444.36863627309
"67","Finland","2009",0.661875262427762,2324.58189963142,1191.73881144278,4086.92675170077
"67","Finland","2010",0.563440856536721,1985.84936162065,1005.85549605709,3477.99620926005
"67","Finland","2011",0.640663559763717,2265.9149793289,1153.13905552445,3942.93672340015
"67","Finland","2012",0.699393709091986,2454.38986319767,1258.63030997603,4258.15443850025
"68","France","2007",0.627987304131513,3557.62844144033,2501.80153137137,4849.518713717
"68","France","2008",0.663419268792632,3624.66706424212,2533.79161669475,4949.68198830713
"68","France","2009",0.697960525573026,3821.32465745377,2693.42902745854,5191.23849264322
"68","France","2010",0.655589998469621,3577.46333008585,2523.50336363132,4858.05396054303
"68","France","2011",0.675012820788005,3739.11590382121,2641.08460667439,5078.68040392958
"68","France","2012",0.709719013125952,3867.70332147214,2735.60231159444,5249.38567237091
"7","Angola","2007",0.841747555435209,257.129618179161,205.202537493191,351.211193883272
"7","Angola","2008",0.823327399417743,274.653959164859,220.338965987213,368.589594692149
"7","Angola","2009",0.85918051493346,320.12199124832,258.766642698317,419.981019515252
"7","Angola","2010",0.864774709211193,354.659990959252,288.026054310391,457.963128202477
"7","Angola","2011",0.839632587193458,375.031084596735,305.667786775577,477.765793618243
"7","Angola","2012",0.871540234511363,423.502698213552,346.427647560285,532.38891426253
"72","Djibouti","2007",0.829558894374884,91.4432200524505,0.767170715692583,2734.91006394038
"72","Djibouti","2008",0.94882777908226,104.182515459426,0.878790058466958,3112.59541702304
"72","Djibouti","2009",0.964635918287264,100.998333994355,0.838541152542262,3022.21432465748
"72","Djibouti","2010",0.950290228060933,97.6387652323145,0.809299487090249,2923.22382169862
"72","Djibouti","2011",0.989714914041106,100.205035255577,0.820392089457432,3001.02602187649
"72","Djibouti","2012",0.990950696030708,99.7373904664035,0.831522502992547,2967.7691739675
"73","Georgia","2007",0.801966843933117,513.100908613345,444.752524796348,582.997618860005
"73","Georgia","2008",0.803146993336811,463.501922712992,398.521095238473,529.176233884084
"73","Georgia","2009",0.72588406119759,427.09148174642,366.219476764584,487.679761514081
"73","Georgia","2010",0.838431853835791,511.972512780798,441.13662502853,582.153942007973
"73","Georgia","2011",0.817054410999627,490.340402023251,422.643358064528,558.91236222543
"73","Georgia","2012",0.824690855182987,483.532817587633,415.255519655137,554.206418913343
"74","Gabon","2007",0.62029183524633,228.765100667313,161.446913271208,341.249131596509
"74","Gabon","2008",0.611081306110954,220.535518773774,155.336318223553,329.61066673766
"74","Gabon","2009",0.675317223136388,241.620717786442,169.602727015556,361.492298353454
"74","Gabon","2010",0.668834192812167,232.082270754367,163.738312694983,348.55248771213
"74","Gabon","2011",0.621389377768398,212.091159482898,149.047310313367,318.407107886407
"74","Gabon","2012",0.639023126708733,215.463064824216,150.77040311024,323.530470859033
"75","Gambia","2007",0.438349112214417,71.9907680357645,43.1006411319276,158.901067048561
"75","Gambia","2008",0.342113483924834,57.1738454612532,34.2276887930275,131.143427100084
"75","Gambia","2009",0.339936060932775,59.7099037515157,36.1867657986845,137.752397867494
"75","Gambia","2010",0.343463434129343,60.8425231886104,37.4488814828753,139.953479252231
"75","Gambia","2011",0.345203632020434,54.2913162094186,32.1127636233245,122.161299995151
"75","Gambia","2012",0.275291262062255,44.1056498134596,27.4214228330282,91.0086959569377
"79","Germany","2007",0.80168088681568,2946.19426750932,2158.73911022511,4067.60146628044
"79","Germany","2008",0.805760283398352,2962.70333073834,2158.13633239136,4101.59590241679
"79","Germany","2009",0.809276419055958,3001.60420861329,2187.87183752203,4151.38752181293
"79","Germany","2010",0.771815371747553,2925.90448261552,2140.8792893367,4033.97495937851
"79","Germany","2011",0.804595277907785,3082.42135225767,2270.58594385652,4230.30478477233
"79","Germany","2012",0.796758044397569,3156.50298046717,2349.41351234704,4297.02948899982
"80","Bosnia.and.Herzegovina","2007",0.816892801446293,2183.35534881452,1840.46737120917,2457.70359420689
"80","Bosnia.and.Herzegovina","2008",0.793675682495424,2209.95389709577,1858.47089320799,2485.99260893847
"80","Bosnia.and.Herzegovina","2009",0.78221472394784,2354.69896460398,1984.50903105878,2638.15622712903
"80","Bosnia.and.Herzegovina","2010",0.765446754755858,2378.1641816148,2011.3908009891,2653.09998701387
"80","Bosnia.and.Herzegovina","2011",0.82004227336712,2470.18767930096,2084.15181228355,2760.18729354753
"80","Bosnia.and.Herzegovina","2012",0.809877892128599,2389.19524788656,2006.36218533774,2675.54215850008
"81","Ghana","2007",0.469494378123424,130.820645696794,122.984483439169,142.804287017671
"81","Ghana","2008",0.481742944140784,139.970008285949,130.659293129905,153.395220412393
"81","Ghana","2009",0.507296897757279,133.061839090634,123.095263968981,147.099765592422
"81","Ghana","2010",0.536172844783999,153.078103672098,141.164951241856,169.10519935259
"81","Ghana","2011",0.546457885684505,173.197902024447,159.264480005694,191.054326133149
"81","Ghana","2012",0.553050598584304,176.465043601266,161.66895336547,194.970031072969
"84","Greece","2007",0.717274192323592,1767.45069414502,1496.98026890045,1948.73111123036
"84","Greece","2008",0.737370889336729,1926.33716853293,1620.65132851335,2128.58502501297
"84","Greece","2009",0.668154660903528,1694.9108267689,1470.82018761814,1845.01952861649
"84","Greece","2010",0.715196353002407,1961.05839075964,1672.8321757023,2149.18851852291
"84","Greece","2011",0.748686857977281,2114.41884090905,1808.91567862458,2314.18038226732
"84","Greece","2012",0.762014860573638,2070.14626490199,1762.89955278344,2270.80861808795
"86","Grenada","2007",0.166328461508354,147.824388579775,57.4251773079427,229.045007374465
"86","Grenada","2008",0.163601629504608,137.310921967437,51.8052486816094,218.075865141175
"86","Grenada","2009",0.214308215256283,180.62978025365,67.9631975371453,279.281347155958
"86","Grenada","2010",0.44251528040078,366.183834914914,138.229562786305,569.809517578438
"86","Grenada","2011",0.501241617879556,416.493320930501,155.866019061447,648.451216004234
"86","Grenada","2012",0.465111627725495,379.67820326441,142.142427482792,583.646780455398
"89","Guatemala","2007",0.807523786217127,1163.08757882459,916.512326603604,1496.08266596895
"89","Guatemala","2008",0.790015009052083,1131.43081288946,878.780751812646,1483.62089040122
"89","Guatemala","2009",0.810078596269168,1179.71880042687,908.151935330381,1567.55478911447
"89","Guatemala","2010",0.78583155469298,1129.42345776512,865.758910399,1509.72375858614
"89","Guatemala","2011",0.775580215132998,1115.40887729617,855.636020650022,1492.36612249842
"89","Guatemala","2012",0.816537408589368,1153.3694318953,883.831295583452,1545.67343275655
"9","Argentina","2007",0.346984955800231,1118.2752954189,836.026102823216,1513.45388452252
"9","Argentina","2008",0.293410176148437,916.314690219504,688.594487635181,1235.69483813426
"9","Argentina","2009",0.424383078256538,1252.52932970929,944.838397962033,1688.60093179219
"9","Argentina","2010",0.358299545933479,995.972575057007,752.205842324969,1352.50942946941
"9","Argentina","2011",0.354951157059847,976.013728228882,729.28227282169,1348.24003758194
"9","Argentina","2012",0.389057784370366,1110.73419463049,834.541105919255,1520.80251046944
"90","Guinea","2007",0.443322073253011,131.140907652123,98.0957367024115,166.14476937275
"90","Guinea","2008",0.43986909799536,129.339937188263,96.7354882790046,164.369622623887
"90","Guinea","2009",0.462744578430909,135.122022356832,100.868997357816,172.551112215379
"90","Guinea","2010",0.487019282724993,139.808228181533,104.163670163066,179.390635205334
"90","Guinea","2011",0.42143118560811,116.130748621292,87.0229761778863,148.142199802221
"90","Guinea","2012",0.471082090794046,129.109813220474,96.2781457677889,165.809132144641
"91","Guyana","2007",0.421563531817017,1750.00887950735,1330.87151115829,2278.38736750636
"91","Guyana","2008",0.384109473407657,1459.99757445231,1106.90453194573,1915.33121416473
"91","Guyana","2009",0.384904047137163,1690.22050263718,1286.67133471862,2193.62509463759
"91","Guyana","2010",0.441295548240054,1786.21009264357,1352.72264513772,2335.6728962998
"91","Guyana","2011",0.349319310899507,1448.80164808349,1097.78553714521,1883.89269997018
"91","Guyana","2012",0.497885463194131,2418.29734641486,1849.52619519283,3065.15230350902
"93","Haiti","2007",0.675930803414619,298.644369173922,222.231306179497,482.663056389595
"93","Haiti","2008",0.707281337110129,312.085585182151,230.733337908458,505.419575608612
"93","Haiti","2009",0.775690044021393,337.026593308795,247.137407026671,548.239642477515
"93","Haiti","2010",0.743509568584408,327.646555576865,239.755793256217,531.745099842191
"93","Haiti","2011",0.704740480067559,308.84080436468,224.639623607464,502.99191396251
"93","Haiti","2012",0.697945248760439,304.257643630915,220.241655012833,496.684615896781
"95","Honduras","2007",0.711138933926582,1381.78190054332,1106.63910875101,1761.75085011937
"95","Honduras","2008",0.675338936895047,1376.81646889264,1104.20794206754,1750.26691575549
"95","Honduras","2009",0.715973313683694,1400.97268962018,1136.39564579831,1751.4339278073
"95","Honduras","2010",0.695734286501325,1326.27505745654,1072.41845725635,1667.27661893297
"95","Honduras","2011",0.678895396577663,1291.62495601046,1046.23843148509,1622.28836091012
"95","Honduras","2012",0.705263338310113,1375.88263993679,1118.40270319644,1722.46014311153
"97","Hungary","2007",0.38531884700128,1932.86059758077,1759.01937554466,2081.58981817884
"97","Hungary","2008",0.536148248014538,2668.76175539761,2423.9040654413,2872.83922147201
"97","Hungary","2009",0.547369177656644,2569.30765257627,2331.97569492288,2770.28730145516
"97","Hungary","2010",0.562769399305954,2581.23092562005,2313.52145540065,2799.1305108939
"97","Hungary","2011",0.485371813345011,2305.59887704892,2072.83142252454,2495.94192819516
"97","Hungary","2012",0.380692121533415,1777.92526394324,1585.50810555453,1935.2687192571
"98","Croatia","2007",0.867988112534186,2626.95197853705,2044.80626964976,3092.27174227728
"98","Croatia","2008",0.871463469417684,2318.36664508752,1836.69130659756,2736.82100300488
"98","Croatia","2009",0.896095345763746,2454.74509208898,1980.60545079418,2863.06354175946
"98","Croatia","2010",0.880744683256299,2301.28227648949,1870.22540667689,2671.89494307309
"98","Croatia","2011",0.885331804133865,2259.79292126954,1822.02528473669,2638.30224221566
"98","Croatia","2012",0.879788794365184,2125.81035118112,1709.0231069625,2485.3196682492
"99","Iceland","2007",0.691557125024368,1001.46625776037,648.844436184627,4079.0317368334
"99","Iceland","2008",0.647211405824953,981.936594194036,645.215613021759,3871.04191962469
"99","Iceland","2009",0.670003933650493,1022.31885773159,669.769783422777,4032.94219229911
"99","Iceland","2010",0.646440745433936,922.574814479644,590.859710798266,3733.33980313437
"99","Iceland","2011",0.734085582127695,1097.74499990468,727.89223817075,4270.50339343709
"99","Iceland","2012",0.594659864768627,901.33285032696,598.652633503473,3498.07171664565
